--------------------------------
Fitting generalized additive model at n=500, s=1, M=10, and wdim=10.
Setting Pi optimizer learning rate to 0.005
Setting T optimizer learning rate to 0.001
Iteration       0 :    Loss-adversarial =   0.2502
...saving a checkpoint at iter:  0
Iteration    2000 :    Loss-adversarial =   0.1622
...saving a checkpoint at iter:  2000
Iteration    4000 :    Loss-adversarial =  15.4974
...saving a checkpoint at iter:  4000
Iteration    6000 :    Loss-adversarial =  20.4803
...saving a checkpoint at iter:  6000
Iteration    8000 :    Loss-adversarial =  19.9170
...saving a checkpoint at iter:  8000
Iteration   10000 :    Loss-adversarial =  21.7876
...saving a checkpoint at iter:  10000
Iteration   12000 :    Loss-adversarial =  22.4858
...saving a checkpoint at iter:  12000
Iteration   14000 :    Loss-adversarial =  19.6036
...saving a checkpoint at iter:  14000
Iteration   16000 :    Loss-adversarial =  23.2979
...saving a checkpoint at iter:  16000
Iteration   18000 :    Loss-adversarial =  20.8221
...saving a checkpoint at iter:  18000
Iteration   20000 :    Loss-adversarial =  19.3740
...saving a checkpoint at iter:  20000
Iteration   22000 :    Loss-adversarial =  19.4324
...saving a checkpoint at iter:  22000
Iteration   24000 :    Loss-adversarial =  18.9080
...saving a checkpoint at iter:  24000
Iteration   26000 :    Loss-adversarial =  19.3148
...saving a checkpoint at iter:  26000
Iteration   28000 :    Loss-adversarial =  21.3417
...saving a checkpoint at iter:  28000
Iteration   30000 :    Loss-adversarial =  24.4157
...saving a checkpoint at iter:  30000
Iteration   32000 :    Loss-adversarial =  20.9372
...saving a checkpoint at iter:  32000
Iteration   34000 :    Loss-adversarial =  23.2555
...saving a checkpoint at iter:  34000
Iteration   36000 :    Loss-adversarial =  20.4913
...saving a checkpoint at iter:  36000
Iteration   38000 :    Loss-adversarial =  21.4368
...saving a checkpoint at iter:  38000
Iteration   40000 :    Loss-adversarial =  20.9646
...saving a checkpoint at iter:  40000
Iteration   42000 :    Loss-adversarial =  19.2903
...saving a checkpoint at iter:  42000
Iteration   44000 :    Loss-adversarial =  21.9329
...saving a checkpoint at iter:  44000
Iteration   46000 :    Loss-adversarial =  22.9043
...saving a checkpoint at iter:  46000
Iteration   48000 :    Loss-adversarial =  21.0389
...saving a checkpoint at iter:  48000
Iteration   50000 :    Loss-adversarial =  20.6520
...saving a checkpoint at iter:  50000
Iteration   52000 :    Loss-adversarial =  23.6143
...saving a checkpoint at iter:  52000
Iteration   54000 :    Loss-adversarial =  20.7096
...saving a checkpoint at iter:  54000
Iteration   56000 :    Loss-adversarial =  22.2895
...saving a checkpoint at iter:  56000
Iteration   58000 :    Loss-adversarial =  19.5194
...saving a checkpoint at iter:  58000
Iteration   60000 :    Loss-adversarial =  24.9687
...saving a checkpoint at iter:  60000
Iteration   62000 :    Loss-adversarial =  20.5415
...saving a checkpoint at iter:  62000
Iteration   64000 :    Loss-adversarial =  22.5098
...saving a checkpoint at iter:  64000
Iteration   66000 :    Loss-adversarial =  21.6864
...saving a checkpoint at iter:  66000
Iteration   68000 :    Loss-adversarial =  21.3383
...saving a checkpoint at iter:  68000
Iteration   70000 :    Loss-adversarial =  21.3206
...saving a checkpoint at iter:  70000
Iteration   72000 :    Loss-adversarial =  21.3457
...saving a checkpoint at iter:  72000
Iteration   74000 :    Loss-adversarial =  20.8631
...saving a checkpoint at iter:  74000
Iteration   76000 :    Loss-adversarial =  22.2822
...saving a checkpoint at iter:  76000
Iteration   78000 :    Loss-adversarial =  23.9176
...saving a checkpoint at iter:  78000
Iteration   80000 :    Loss-adversarial =  22.1457
...saving a checkpoint at iter:  80000
Iteration   82000 :    Loss-adversarial =  20.1104
...saving a checkpoint at iter:  82000
Iteration   84000 :    Loss-adversarial =  22.0399
...saving a checkpoint at iter:  84000
Iteration   86000 :    Loss-adversarial =  22.9647
...saving a checkpoint at iter:  86000
Iteration   88000 :    Loss-adversarial =  24.4807
...saving a checkpoint at iter:  88000
Iteration   90000 :    Loss-adversarial =  21.2942
...saving a checkpoint at iter:  90000
Iteration   92000 :    Loss-adversarial =  22.0925
...saving a checkpoint at iter:  92000
Iteration   94000 :    Loss-adversarial =  19.5430
...saving a checkpoint at iter:  94000
Iteration   96000 :    Loss-adversarial =  21.3277
...saving a checkpoint at iter:  96000
Iteration   98000 :    Loss-adversarial =  20.7779
...saving a checkpoint at iter:  98000
Iteration  100000 :    Loss-adversarial =   3.3838
...saving a checkpoint at iter:  100000
Iteration  102000 :    Loss-adversarial =   2.6450
...saving a checkpoint at iter:  102000
Iteration  104000 :    Loss-adversarial =   2.8207
...saving a checkpoint at iter:  104000
Iteration  106000 :    Loss-adversarial =   2.8257
...saving a checkpoint at iter:  106000
Iteration  108000 :    Loss-adversarial =   2.3900
...saving a checkpoint at iter:  108000
Iteration  110000 :    Loss-adversarial =   2.4317
...saving a checkpoint at iter:  110000
Iteration  112000 :    Loss-adversarial =   2.2908
...saving a checkpoint at iter:  112000
Iteration  114000 :    Loss-adversarial =   2.2710
...saving a checkpoint at iter:  114000
Iteration  116000 :    Loss-adversarial =   2.1775
...saving a checkpoint at iter:  116000
Iteration  118000 :    Loss-adversarial =   1.8763
...saving a checkpoint at iter:  118000
Iteration  120000 :    Loss-adversarial =   2.0367
...saving a checkpoint at iter:  120000
Iteration  122000 :    Loss-adversarial =   1.7602
...saving a checkpoint at iter:  122000
Iteration  124000 :    Loss-adversarial =   2.1676
...saving a checkpoint at iter:  124000
Iteration  126000 :    Loss-adversarial =   1.9464
...saving a checkpoint at iter:  126000
Iteration  128000 :    Loss-adversarial =   1.7241
...saving a checkpoint at iter:  128000
Iteration  130000 :    Loss-adversarial =   1.7008
...saving a checkpoint at iter:  130000
Iteration  132000 :    Loss-adversarial =   1.8809
...saving a checkpoint at iter:  132000
Iteration  134000 :    Loss-adversarial =   1.6658
...saving a checkpoint at iter:  134000
Iteration  136000 :    Loss-adversarial =   1.6960
...saving a checkpoint at iter:  136000
Iteration  138000 :    Loss-adversarial =   1.7292
...saving a checkpoint at iter:  138000
Iteration  140000 :    Loss-adversarial =   1.6734
...saving a checkpoint at iter:  140000
Iteration  142000 :    Loss-adversarial =   1.5976
...saving a checkpoint at iter:  142000
Iteration  144000 :    Loss-adversarial =   1.7978
...saving a checkpoint at iter:  144000
Iteration  146000 :    Loss-adversarial =   1.5358
...saving a checkpoint at iter:  146000
Iteration  148000 :    Loss-adversarial =   1.4111
...saving a checkpoint at iter:  148000
Iteration  150000 :    Loss-adversarial =   1.5032
...saving a checkpoint at iter:  150000
Iteration  152000 :    Loss-adversarial =   1.6603
...saving a checkpoint at iter:  152000
Iteration  154000 :    Loss-adversarial =   1.5957
...saving a checkpoint at iter:  154000
Iteration  156000 :    Loss-adversarial =   1.6945
...saving a checkpoint at iter:  156000
Iteration  158000 :    Loss-adversarial =   1.5725
...saving a checkpoint at iter:  158000
Iteration  160000 :    Loss-adversarial =   1.4625
...saving a checkpoint at iter:  160000
Iteration  162000 :    Loss-adversarial =   1.3646
...saving a checkpoint at iter:  162000
Iteration  164000 :    Loss-adversarial =   1.5577
...saving a checkpoint at iter:  164000
Iteration  166000 :    Loss-adversarial =   1.3473
...saving a checkpoint at iter:  166000
Iteration  168000 :    Loss-adversarial =   1.4842
...saving a checkpoint at iter:  168000
Iteration  170000 :    Loss-adversarial =   1.2930
...saving a checkpoint at iter:  170000
Iteration  172000 :    Loss-adversarial =   1.3127
...saving a checkpoint at iter:  172000
Iteration  174000 :    Loss-adversarial =   1.6078
...saving a checkpoint at iter:  174000
Iteration  176000 :    Loss-adversarial =   1.2583
...saving a checkpoint at iter:  176000
Iteration  178000 :    Loss-adversarial =   1.5220
...saving a checkpoint at iter:  178000
Iteration  180000 :    Loss-adversarial =   1.2715
...saving a checkpoint at iter:  180000
Iteration  182000 :    Loss-adversarial =   1.2488
...saving a checkpoint at iter:  182000
Iteration  184000 :    Loss-adversarial =   1.1828
...saving a checkpoint at iter:  184000
Iteration  186000 :    Loss-adversarial =   1.2733
...saving a checkpoint at iter:  186000
Iteration  188000 :    Loss-adversarial =   1.2855
...saving a checkpoint at iter:  188000
Iteration  190000 :    Loss-adversarial =   1.2397
...saving a checkpoint at iter:  190000
Iteration  192000 :    Loss-adversarial =   1.2294
...saving a checkpoint at iter:  192000
Iteration  194000 :    Loss-adversarial =   1.3189
...saving a checkpoint at iter:  194000
Iteration  196000 :    Loss-adversarial =   1.1797
...saving a checkpoint at iter:  196000
Iteration  198000 :    Loss-adversarial =   1.2414
...saving a checkpoint at iter:  198000
Iteration  200000 :    Loss-adversarial =   1.3495
...saving a checkpoint at iter:  200000
Iteration  202000 :    Loss-adversarial =   1.2009
...saving a checkpoint at iter:  202000
Iteration  204000 :    Loss-adversarial =   1.3399
...saving a checkpoint at iter:  204000
Iteration  206000 :    Loss-adversarial =   1.2470
...saving a checkpoint at iter:  206000
Iteration  208000 :    Loss-adversarial =   1.1206
...saving a checkpoint at iter:  208000
Iteration  210000 :    Loss-adversarial =   1.2886
...saving a checkpoint at iter:  210000
Iteration  212000 :    Loss-adversarial =   1.2274
...saving a checkpoint at iter:  212000
Iteration  214000 :    Loss-adversarial =   1.3175
...saving a checkpoint at iter:  214000
Iteration  216000 :    Loss-adversarial =   1.2167
...saving a checkpoint at iter:  216000
Iteration  218000 :    Loss-adversarial =   1.1489
...saving a checkpoint at iter:  218000
Iteration  220000 :    Loss-adversarial =   1.1321
...saving a checkpoint at iter:  220000
Iteration  222000 :    Loss-adversarial =   1.1621
...saving a checkpoint at iter:  222000
Iteration  224000 :    Loss-adversarial =   1.0908
...saving a checkpoint at iter:  224000
Iteration  226000 :    Loss-adversarial =   1.2446
...saving a checkpoint at iter:  226000
Iteration  228000 :    Loss-adversarial =   1.0242
...saving a checkpoint at iter:  228000
Iteration  230000 :    Loss-adversarial =   1.0321
...saving a checkpoint at iter:  230000
Iteration  232000 :    Loss-adversarial =   1.1182
...saving a checkpoint at iter:  232000
Iteration  234000 :    Loss-adversarial =   1.1268
...saving a checkpoint at iter:  234000
Iteration  236000 :    Loss-adversarial =   1.1158
...saving a checkpoint at iter:  236000
Iteration  238000 :    Loss-adversarial =   1.1213
...saving a checkpoint at iter:  238000
Iteration  240000 :    Loss-adversarial =   1.0120
...saving a checkpoint at iter:  240000
Iteration  242000 :    Loss-adversarial =   1.1143
...saving a checkpoint at iter:  242000
Iteration  244000 :    Loss-adversarial =   0.9589
...saving a checkpoint at iter:  244000
Iteration  246000 :    Loss-adversarial =   1.1159
...saving a checkpoint at iter:  246000
Iteration  248000 :    Loss-adversarial =   1.1361
...saving a checkpoint at iter:  248000
Iteration  250000 :    Loss-adversarial =   1.0573
...saving a checkpoint at iter:  250000
Iteration  252000 :    Loss-adversarial =   0.9937
...saving a checkpoint at iter:  252000
Iteration  254000 :    Loss-adversarial =   1.0028
...saving a checkpoint at iter:  254000
Iteration  256000 :    Loss-adversarial =   1.0591
...saving a checkpoint at iter:  256000
Iteration  258000 :    Loss-adversarial =   1.0071
...saving a checkpoint at iter:  258000
Iteration  260000 :    Loss-adversarial =   0.9882
...saving a checkpoint at iter:  260000
Iteration  262000 :    Loss-adversarial =   0.9618
...saving a checkpoint at iter:  262000
Iteration  264000 :    Loss-adversarial =   0.8782
...saving a checkpoint at iter:  264000
Iteration  266000 :    Loss-adversarial =   0.9807
...saving a checkpoint at iter:  266000
Iteration  268000 :    Loss-adversarial =   0.8993
...saving a checkpoint at iter:  268000
Iteration  270000 :    Loss-adversarial =   0.9353
...saving a checkpoint at iter:  270000
Iteration  272000 :    Loss-adversarial =   0.9063
...saving a checkpoint at iter:  272000
Iteration  274000 :    Loss-adversarial =   0.9431
...saving a checkpoint at iter:  274000
Iteration  276000 :    Loss-adversarial =   0.9329
...saving a checkpoint at iter:  276000
Iteration  278000 :    Loss-adversarial =   0.9463
...saving a checkpoint at iter:  278000
Iteration  280000 :    Loss-adversarial =   0.9424
...saving a checkpoint at iter:  280000
Iteration  282000 :    Loss-adversarial =   0.9733
...saving a checkpoint at iter:  282000
Iteration  284000 :    Loss-adversarial =   0.9261
...saving a checkpoint at iter:  284000
Iteration  286000 :    Loss-adversarial =   0.9373
...saving a checkpoint at iter:  286000
Iteration  288000 :    Loss-adversarial =   1.0205
...saving a checkpoint at iter:  288000
Iteration  290000 :    Loss-adversarial =   1.0041
...saving a checkpoint at iter:  290000
Iteration  292000 :    Loss-adversarial =   1.0633
...saving a checkpoint at iter:  292000
Iteration  294000 :    Loss-adversarial =   0.9793
...saving a checkpoint at iter:  294000
Iteration  296000 :    Loss-adversarial =   0.8581
...saving a checkpoint at iter:  296000
Iteration  298000 :    Loss-adversarial =   1.1114
...saving a checkpoint at iter:  298000
Iteration  300000 :    Loss-adversarial =   0.8668
...saving a checkpoint at iter:  300000
Iteration  302000 :    Loss-adversarial =   0.8830
...saving a checkpoint at iter:  302000
Iteration  304000 :    Loss-adversarial =   0.9277
...saving a checkpoint at iter:  304000
Iteration  306000 :    Loss-adversarial =   0.8861
...saving a checkpoint at iter:  306000
Iteration  308000 :    Loss-adversarial =   0.7687
...saving a checkpoint at iter:  308000
Iteration  310000 :    Loss-adversarial =   0.9601
...saving a checkpoint at iter:  310000
Iteration  312000 :    Loss-adversarial =   0.9593
...saving a checkpoint at iter:  312000
Iteration  314000 :    Loss-adversarial =   0.8780
...saving a checkpoint at iter:  314000
Iteration  316000 :    Loss-adversarial =   0.9253
...saving a checkpoint at iter:  316000
Iteration  318000 :    Loss-adversarial =   0.8876
...saving a checkpoint at iter:  318000
Iteration  320000 :    Loss-adversarial =   1.0699
...saving a checkpoint at iter:  320000
Iteration  322000 :    Loss-adversarial =   0.8685
...saving a checkpoint at iter:  322000
Iteration  324000 :    Loss-adversarial =   0.9248
...saving a checkpoint at iter:  324000
Iteration  326000 :    Loss-adversarial =   0.9765
...saving a checkpoint at iter:  326000
Iteration  328000 :    Loss-adversarial =   0.9143
...saving a checkpoint at iter:  328000
Iteration  330000 :    Loss-adversarial =   0.9051
...saving a checkpoint at iter:  330000
Iteration  332000 :    Loss-adversarial =   0.9339
...saving a checkpoint at iter:  332000
Iteration  334000 :    Loss-adversarial =   0.9351
...saving a checkpoint at iter:  334000
Iteration  336000 :    Loss-adversarial =   0.9783
...saving a checkpoint at iter:  336000
Iteration  338000 :    Loss-adversarial =   1.0210
...saving a checkpoint at iter:  338000
Iteration  340000 :    Loss-adversarial =   0.9444
...saving a checkpoint at iter:  340000
Iteration  342000 :    Loss-adversarial =   0.9344
...saving a checkpoint at iter:  342000
Iteration  344000 :    Loss-adversarial =   0.8636
...saving a checkpoint at iter:  344000
Iteration  346000 :    Loss-adversarial =   0.7943
...saving a checkpoint at iter:  346000
Iteration  348000 :    Loss-adversarial =   1.2170
...saving a checkpoint at iter:  348000
Iteration  350000 :    Loss-adversarial =   0.8552
...saving a checkpoint at iter:  350000
Iteration  352000 :    Loss-adversarial =   0.8216
...saving a checkpoint at iter:  352000
Iteration  354000 :    Loss-adversarial =   1.0916
...saving a checkpoint at iter:  354000
Iteration  356000 :    Loss-adversarial =   0.7917
...saving a checkpoint at iter:  356000
Iteration  358000 :    Loss-adversarial =   0.8282
...saving a checkpoint at iter:  358000
Iteration  360000 :    Loss-adversarial =   0.8969
...saving a checkpoint at iter:  360000
Iteration  362000 :    Loss-adversarial =   0.8121
...saving a checkpoint at iter:  362000
Iteration  364000 :    Loss-adversarial =   0.9381
...saving a checkpoint at iter:  364000
Iteration  366000 :    Loss-adversarial =   0.8286
...saving a checkpoint at iter:  366000
Iteration  368000 :    Loss-adversarial =   0.8667
...saving a checkpoint at iter:  368000
Iteration  370000 :    Loss-adversarial =   0.9082
...saving a checkpoint at iter:  370000
Iteration  372000 :    Loss-adversarial =   0.8681
...saving a checkpoint at iter:  372000
Iteration  374000 :    Loss-adversarial =   0.8448
...saving a checkpoint at iter:  374000
Iteration  376000 :    Loss-adversarial =   0.8316
...saving a checkpoint at iter:  376000
Iteration  378000 :    Loss-adversarial =   0.8300
...saving a checkpoint at iter:  378000
Iteration  380000 :    Loss-adversarial =   0.7916
...saving a checkpoint at iter:  380000
Iteration  382000 :    Loss-adversarial =   0.9660
...saving a checkpoint at iter:  382000
Iteration  384000 :    Loss-adversarial =   0.8121
...saving a checkpoint at iter:  384000
Iteration  386000 :    Loss-adversarial =   0.8288
...saving a checkpoint at iter:  386000
Iteration  388000 :    Loss-adversarial =   0.7244
...saving a checkpoint at iter:  388000
Iteration  390000 :    Loss-adversarial =   0.9219
...saving a checkpoint at iter:  390000
Iteration  392000 :    Loss-adversarial =   0.7944
...saving a checkpoint at iter:  392000
Iteration  394000 :    Loss-adversarial =   0.7197
...saving a checkpoint at iter:  394000
Iteration  396000 :    Loss-adversarial =   0.7270
...saving a checkpoint at iter:  396000
Iteration  398000 :    Loss-adversarial =   0.7674
...saving a checkpoint at iter:  398000
Iteration  400000 :    Loss-adversarial =   0.8189
...saving a checkpoint at iter:  400000
Iteration  402000 :    Loss-adversarial =   0.8966
...saving a checkpoint at iter:  402000
Iteration  404000 :    Loss-adversarial =   0.7119
...saving a checkpoint at iter:  404000
Iteration  406000 :    Loss-adversarial =   0.8004
...saving a checkpoint at iter:  406000
Iteration  408000 :    Loss-adversarial =   0.8717
...saving a checkpoint at iter:  408000
Iteration  410000 :    Loss-adversarial =   0.8064
...saving a checkpoint at iter:  410000
Iteration  412000 :    Loss-adversarial =   0.8736
...saving a checkpoint at iter:  412000
Iteration  414000 :    Loss-adversarial =   0.8875
...saving a checkpoint at iter:  414000
Iteration  416000 :    Loss-adversarial =   0.7469
...saving a checkpoint at iter:  416000
Iteration  418000 :    Loss-adversarial =   0.8219
...saving a checkpoint at iter:  418000
Iteration  420000 :    Loss-adversarial =   0.7076
...saving a checkpoint at iter:  420000
Iteration  422000 :    Loss-adversarial =   0.8149
...saving a checkpoint at iter:  422000
Iteration  424000 :    Loss-adversarial =   0.8093
...saving a checkpoint at iter:  424000
Iteration  426000 :    Loss-adversarial =   0.7377
...saving a checkpoint at iter:  426000
Iteration  428000 :    Loss-adversarial =   0.8207
...saving a checkpoint at iter:  428000
Iteration  430000 :    Loss-adversarial =   0.7336
...saving a checkpoint at iter:  430000
Iteration  432000 :    Loss-adversarial =   0.7057
...saving a checkpoint at iter:  432000
Iteration  434000 :    Loss-adversarial =   0.7000
...saving a checkpoint at iter:  434000
Iteration  436000 :    Loss-adversarial =   0.8305
...saving a checkpoint at iter:  436000
Iteration  438000 :    Loss-adversarial =   0.7651
...saving a checkpoint at iter:  438000
Iteration  440000 :    Loss-adversarial =   0.7773
...saving a checkpoint at iter:  440000
Iteration  442000 :    Loss-adversarial =   0.7978
...saving a checkpoint at iter:  442000
Iteration  444000 :    Loss-adversarial =   0.7514
...saving a checkpoint at iter:  444000
Iteration  446000 :    Loss-adversarial =   0.8386
...saving a checkpoint at iter:  446000
Iteration  448000 :    Loss-adversarial =   0.6403
...saving a checkpoint at iter:  448000
Iteration  450000 :    Loss-adversarial =   0.7304
...saving a checkpoint at iter:  450000
Iteration  452000 :    Loss-adversarial =   0.7356
...saving a checkpoint at iter:  452000
Iteration  454000 :    Loss-adversarial =   0.9630
...saving a checkpoint at iter:  454000
Iteration  456000 :    Loss-adversarial =   0.8756
...saving a checkpoint at iter:  456000
Iteration  458000 :    Loss-adversarial =   0.7629
...saving a checkpoint at iter:  458000
Iteration  460000 :    Loss-adversarial =   0.7485
...saving a checkpoint at iter:  460000
Iteration  462000 :    Loss-adversarial =   0.8807
...saving a checkpoint at iter:  462000
Iteration  464000 :    Loss-adversarial =   0.8390
...saving a checkpoint at iter:  464000
Iteration  466000 :    Loss-adversarial =   0.7405
...saving a checkpoint at iter:  466000
Iteration  468000 :    Loss-adversarial =   0.7092
...saving a checkpoint at iter:  468000
Iteration  470000 :    Loss-adversarial =   0.7472
...saving a checkpoint at iter:  470000
Iteration  472000 :    Loss-adversarial =   0.8055
...saving a checkpoint at iter:  472000
Iteration  474000 :    Loss-adversarial =   0.6785
...saving a checkpoint at iter:  474000
Iteration  476000 :    Loss-adversarial =   0.7653
...saving a checkpoint at iter:  476000
Iteration  478000 :    Loss-adversarial =   0.7957
...saving a checkpoint at iter:  478000
Iteration  480000 :    Loss-adversarial =   0.6826
...saving a checkpoint at iter:  480000
Iteration  482000 :    Loss-adversarial =   0.9009
...saving a checkpoint at iter:  482000
Iteration  484000 :    Loss-adversarial =   0.7766
...saving a checkpoint at iter:  484000
Iteration  486000 :    Loss-adversarial =   0.6368
...saving a checkpoint at iter:  486000
Iteration  488000 :    Loss-adversarial =   0.7469
...saving a checkpoint at iter:  488000
Iteration  490000 :    Loss-adversarial =   0.7205
...saving a checkpoint at iter:  490000
Iteration  492000 :    Loss-adversarial =   0.7288
...saving a checkpoint at iter:  492000
Iteration  494000 :    Loss-adversarial =   0.7380
...saving a checkpoint at iter:  494000
Iteration  496000 :    Loss-adversarial =   0.7394
...saving a checkpoint at iter:  496000
Iteration  498000 :    Loss-adversarial =   0.7229
...saving a checkpoint at iter:  498000
Iteration  500000 :    Loss-adversarial =   0.7697
...saving a checkpoint at iter:  500000
Iteration  502000 :    Loss-adversarial =   0.6627
...saving a checkpoint at iter:  502000
Iteration  504000 :    Loss-adversarial =   0.6967
...saving a checkpoint at iter:  504000
Iteration  506000 :    Loss-adversarial =   0.6916
...saving a checkpoint at iter:  506000
Iteration  508000 :    Loss-adversarial =   0.7477
...saving a checkpoint at iter:  508000
Iteration  510000 :    Loss-adversarial =   0.8703
...saving a checkpoint at iter:  510000
Iteration  512000 :    Loss-adversarial =   0.6001
...saving a checkpoint at iter:  512000
Iteration  514000 :    Loss-adversarial =   0.7802
...saving a checkpoint at iter:  514000
Iteration  516000 :    Loss-adversarial =   0.7695
...saving a checkpoint at iter:  516000
Iteration  518000 :    Loss-adversarial =   0.8110
...saving a checkpoint at iter:  518000
Iteration  520000 :    Loss-adversarial =   0.7570
...saving a checkpoint at iter:  520000
Iteration  522000 :    Loss-adversarial =   0.7568
...saving a checkpoint at iter:  522000
Iteration  524000 :    Loss-adversarial =   0.6932
...saving a checkpoint at iter:  524000
Iteration  526000 :    Loss-adversarial =   0.7967
...saving a checkpoint at iter:  526000
Iteration  528000 :    Loss-adversarial =   0.6969
...saving a checkpoint at iter:  528000
Iteration  530000 :    Loss-adversarial =   0.7000
...saving a checkpoint at iter:  530000
Iteration  532000 :    Loss-adversarial =   0.6970
...saving a checkpoint at iter:  532000
Iteration  534000 :    Loss-adversarial =   0.7402
...saving a checkpoint at iter:  534000
Iteration  536000 :    Loss-adversarial =   0.6762
...saving a checkpoint at iter:  536000
Iteration  538000 :    Loss-adversarial =   0.6772
...saving a checkpoint at iter:  538000
Iteration  540000 :    Loss-adversarial =   0.6770
...saving a checkpoint at iter:  540000
Iteration  542000 :    Loss-adversarial =   0.7408
...saving a checkpoint at iter:  542000
Iteration  544000 :    Loss-adversarial =   0.6155
...saving a checkpoint at iter:  544000
Iteration  546000 :    Loss-adversarial =   0.6826
...saving a checkpoint at iter:  546000
Iteration  548000 :    Loss-adversarial =   0.7167
...saving a checkpoint at iter:  548000
Iteration  550000 :    Loss-adversarial =   0.6365
...saving a checkpoint at iter:  550000
Iteration  552000 :    Loss-adversarial =   0.6755
...saving a checkpoint at iter:  552000
Iteration  554000 :    Loss-adversarial =   0.6932
...saving a checkpoint at iter:  554000
Iteration  556000 :    Loss-adversarial =   0.6862
...saving a checkpoint at iter:  556000
Iteration  558000 :    Loss-adversarial =   0.6390
...saving a checkpoint at iter:  558000
Iteration  560000 :    Loss-adversarial =   0.6971
...saving a checkpoint at iter:  560000
Iteration  562000 :    Loss-adversarial =   0.7744
...saving a checkpoint at iter:  562000
Iteration  564000 :    Loss-adversarial =   0.6660
...saving a checkpoint at iter:  564000
Iteration  566000 :    Loss-adversarial =   0.5890
...saving a checkpoint at iter:  566000
Iteration  568000 :    Loss-adversarial =   0.7137
...saving a checkpoint at iter:  568000
Iteration  570000 :    Loss-adversarial =   0.7589
...saving a checkpoint at iter:  570000
Iteration  572000 :    Loss-adversarial =   0.6753
...saving a checkpoint at iter:  572000
Iteration  574000 :    Loss-adversarial =   0.7836
...saving a checkpoint at iter:  574000
Iteration  576000 :    Loss-adversarial =   0.6915
...saving a checkpoint at iter:  576000
Iteration  578000 :    Loss-adversarial =   0.7485
...saving a checkpoint at iter:  578000
Iteration  580000 :    Loss-adversarial =   0.7127
...saving a checkpoint at iter:  580000
Iteration  582000 :    Loss-adversarial =   0.8066
...saving a checkpoint at iter:  582000
Iteration  584000 :    Loss-adversarial =   0.7290
...saving a checkpoint at iter:  584000
Iteration  586000 :    Loss-adversarial =   0.6229
...saving a checkpoint at iter:  586000
Iteration  588000 :    Loss-adversarial =   0.6658
...saving a checkpoint at iter:  588000
Iteration  590000 :    Loss-adversarial =   0.7899
...saving a checkpoint at iter:  590000
Iteration  592000 :    Loss-adversarial =   0.5855
...saving a checkpoint at iter:  592000
Iteration  594000 :    Loss-adversarial =   0.6518
...saving a checkpoint at iter:  594000
Iteration  596000 :    Loss-adversarial =   0.7474
...saving a checkpoint at iter:  596000
Iteration  598000 :    Loss-adversarial =   0.6574
...saving a checkpoint at iter:  598000
Iteration  600000 :    Loss-adversarial =   0.6955
...saving a checkpoint at iter:  600000
Iteration  602000 :    Loss-adversarial =   0.7287
...saving a checkpoint at iter:  602000
Iteration  604000 :    Loss-adversarial =   0.6911
...saving a checkpoint at iter:  604000
Iteration  606000 :    Loss-adversarial =   0.7725
...saving a checkpoint at iter:  606000
Iteration  608000 :    Loss-adversarial =   0.6581
...saving a checkpoint at iter:  608000
Iteration  610000 :    Loss-adversarial =   0.8379
...saving a checkpoint at iter:  610000
Iteration  612000 :    Loss-adversarial =   0.6008
...saving a checkpoint at iter:  612000
Iteration  614000 :    Loss-adversarial =   0.6769
...saving a checkpoint at iter:  614000
Iteration  616000 :    Loss-adversarial =   0.7407
...saving a checkpoint at iter:  616000
Iteration  618000 :    Loss-adversarial =   0.6458
...saving a checkpoint at iter:  618000
Iteration  620000 :    Loss-adversarial =   0.7209
...saving a checkpoint at iter:  620000
Iteration  622000 :    Loss-adversarial =   0.6568
...saving a checkpoint at iter:  622000
Iteration  624000 :    Loss-adversarial =   0.6851
...saving a checkpoint at iter:  624000
Iteration  626000 :    Loss-adversarial =   0.7114
...saving a checkpoint at iter:  626000
Iteration  628000 :    Loss-adversarial =   0.6189
...saving a checkpoint at iter:  628000
Iteration  630000 :    Loss-adversarial =   0.6303
...saving a checkpoint at iter:  630000
Iteration  632000 :    Loss-adversarial =   0.6823
...saving a checkpoint at iter:  632000
Iteration  634000 :    Loss-adversarial =   0.6361
...saving a checkpoint at iter:  634000
Iteration  636000 :    Loss-adversarial =   0.7418
...saving a checkpoint at iter:  636000
Iteration  638000 :    Loss-adversarial =   0.7096
...saving a checkpoint at iter:  638000
Iteration  640000 :    Loss-adversarial =   0.6540
...saving a checkpoint at iter:  640000
Iteration  642000 :    Loss-adversarial =   0.6282
...saving a checkpoint at iter:  642000
Iteration  644000 :    Loss-adversarial =   0.7196
...saving a checkpoint at iter:  644000
Iteration  646000 :    Loss-adversarial =   0.7760
...saving a checkpoint at iter:  646000
Iteration  648000 :    Loss-adversarial =   0.6573
...saving a checkpoint at iter:  648000
Iteration  650000 :    Loss-adversarial =   0.6932
...saving a checkpoint at iter:  650000
Iteration  652000 :    Loss-adversarial =   0.5498
...saving a checkpoint at iter:  652000
Iteration  654000 :    Loss-adversarial =   0.7676
...saving a checkpoint at iter:  654000
Iteration  656000 :    Loss-adversarial =   0.6645
...saving a checkpoint at iter:  656000
Iteration  658000 :    Loss-adversarial =   0.7605
...saving a checkpoint at iter:  658000
Iteration  660000 :    Loss-adversarial =   0.6956
...saving a checkpoint at iter:  660000
Iteration  662000 :    Loss-adversarial =   0.6656
...saving a checkpoint at iter:  662000
Iteration  664000 :    Loss-adversarial =   0.7096
...saving a checkpoint at iter:  664000
Iteration  666000 :    Loss-adversarial =   0.6049
...saving a checkpoint at iter:  666000
Iteration  668000 :    Loss-adversarial =   0.8442
...saving a checkpoint at iter:  668000
Iteration  670000 :    Loss-adversarial =   0.7368
...saving a checkpoint at iter:  670000
Iteration  672000 :    Loss-adversarial =   0.6359
...saving a checkpoint at iter:  672000
Iteration  674000 :    Loss-adversarial =   0.7069
...saving a checkpoint at iter:  674000
Iteration  676000 :    Loss-adversarial =   0.7931
...saving a checkpoint at iter:  676000
Iteration  678000 :    Loss-adversarial =   0.6070
...saving a checkpoint at iter:  678000
Iteration  680000 :    Loss-adversarial =   0.6150
...saving a checkpoint at iter:  680000
Iteration  682000 :    Loss-adversarial =   0.7146
...saving a checkpoint at iter:  682000
Iteration  684000 :    Loss-adversarial =   0.6812
...saving a checkpoint at iter:  684000
Iteration  686000 :    Loss-adversarial =   0.6752
...saving a checkpoint at iter:  686000
Iteration  688000 :    Loss-adversarial =   0.6252
...saving a checkpoint at iter:  688000
Iteration  690000 :    Loss-adversarial =   0.7100
...saving a checkpoint at iter:  690000
Iteration  692000 :    Loss-adversarial =   0.6014
...saving a checkpoint at iter:  692000
Iteration  694000 :    Loss-adversarial =   0.6424
...saving a checkpoint at iter:  694000
Iteration  696000 :    Loss-adversarial =   0.6547
...saving a checkpoint at iter:  696000
Iteration  698000 :    Loss-adversarial =   0.6390
...saving a checkpoint at iter:  698000
Iteration  700000 :    Loss-adversarial =   0.7010
...saving a checkpoint at iter:  700000
Iteration  702000 :    Loss-adversarial =   0.6416
...saving a checkpoint at iter:  702000
Iteration  704000 :    Loss-adversarial =   0.6184
...saving a checkpoint at iter:  704000
Iteration  706000 :    Loss-adversarial =   0.5239
...saving a checkpoint at iter:  706000
Iteration  708000 :    Loss-adversarial =   0.5350
...saving a checkpoint at iter:  708000
Iteration  710000 :    Loss-adversarial =   0.6899
...saving a checkpoint at iter:  710000
Iteration  712000 :    Loss-adversarial =   0.5688
...saving a checkpoint at iter:  712000
Iteration  714000 :    Loss-adversarial =   0.5794
...saving a checkpoint at iter:  714000
Iteration  716000 :    Loss-adversarial =   0.6734
...saving a checkpoint at iter:  716000
Iteration  718000 :    Loss-adversarial =   0.6645
...saving a checkpoint at iter:  718000
Iteration  720000 :    Loss-adversarial =   0.7036
...saving a checkpoint at iter:  720000
Iteration  722000 :    Loss-adversarial =   0.5728
...saving a checkpoint at iter:  722000
Iteration  724000 :    Loss-adversarial =   0.5704
...saving a checkpoint at iter:  724000
Iteration  726000 :    Loss-adversarial =   0.6251
...saving a checkpoint at iter:  726000
Iteration  728000 :    Loss-adversarial =   0.6374
...saving a checkpoint at iter:  728000
Iteration  730000 :    Loss-adversarial =   0.6699
...saving a checkpoint at iter:  730000
Iteration  732000 :    Loss-adversarial =   0.6304
...saving a checkpoint at iter:  732000
Iteration  734000 :    Loss-adversarial =   0.6079
...saving a checkpoint at iter:  734000
Iteration  736000 :    Loss-adversarial =   0.6530
...saving a checkpoint at iter:  736000
Iteration  738000 :    Loss-adversarial =   0.6500
...saving a checkpoint at iter:  738000
Iteration  740000 :    Loss-adversarial =   0.6848
...saving a checkpoint at iter:  740000
Iteration  742000 :    Loss-adversarial =   0.5448
...saving a checkpoint at iter:  742000
Iteration  744000 :    Loss-adversarial =   0.6654
...saving a checkpoint at iter:  744000
Iteration  746000 :    Loss-adversarial =   0.7367
...saving a checkpoint at iter:  746000
Iteration  748000 :    Loss-adversarial =   0.6230
...saving a checkpoint at iter:  748000
Iteration  750000 :    Loss-adversarial =   0.6925
...saving a checkpoint at iter:  750000
Iteration  752000 :    Loss-adversarial =   0.6708
...saving a checkpoint at iter:  752000
Iteration  754000 :    Loss-adversarial =   0.6646
...saving a checkpoint at iter:  754000
Iteration  756000 :    Loss-adversarial =   0.5991
...saving a checkpoint at iter:  756000
Iteration  758000 :    Loss-adversarial =   0.5197
...saving a checkpoint at iter:  758000
Iteration  760000 :    Loss-adversarial =   0.6150
...saving a checkpoint at iter:  760000
Iteration  762000 :    Loss-adversarial =   0.7298
...saving a checkpoint at iter:  762000
Iteration  764000 :    Loss-adversarial =   0.5477
...saving a checkpoint at iter:  764000
Iteration  766000 :    Loss-adversarial =   0.5885
...saving a checkpoint at iter:  766000
Iteration  768000 :    Loss-adversarial =   0.6646
...saving a checkpoint at iter:  768000
Iteration  770000 :    Loss-adversarial =   0.6784
...saving a checkpoint at iter:  770000
Iteration  772000 :    Loss-adversarial =   0.6674
...saving a checkpoint at iter:  772000
Iteration  774000 :    Loss-adversarial =   0.6301
...saving a checkpoint at iter:  774000
Iteration  776000 :    Loss-adversarial =   0.6545
...saving a checkpoint at iter:  776000
Iteration  778000 :    Loss-adversarial =   0.6785
...saving a checkpoint at iter:  778000
Iteration  780000 :    Loss-adversarial =   0.6336
...saving a checkpoint at iter:  780000
Iteration  782000 :    Loss-adversarial =   0.6046
...saving a checkpoint at iter:  782000
Iteration  784000 :    Loss-adversarial =   0.6562
...saving a checkpoint at iter:  784000
Iteration  786000 :    Loss-adversarial =   0.6535
...saving a checkpoint at iter:  786000
Iteration  788000 :    Loss-adversarial =   0.5868
...saving a checkpoint at iter:  788000
Iteration  790000 :    Loss-adversarial =   0.6340
...saving a checkpoint at iter:  790000
Iteration  792000 :    Loss-adversarial =   0.5530
...saving a checkpoint at iter:  792000
Iteration  794000 :    Loss-adversarial =   0.5774
...saving a checkpoint at iter:  794000
Iteration  796000 :    Loss-adversarial =   0.5380
...saving a checkpoint at iter:  796000
Iteration  798000 :    Loss-adversarial =   0.5686
...saving a checkpoint at iter:  798000
Iteration  800000 :    Loss-adversarial =   0.6107
...saving a checkpoint at iter:  800000
Iteration  802000 :    Loss-adversarial =   0.6502
...saving a checkpoint at iter:  802000
Iteration  804000 :    Loss-adversarial =   0.6348
...saving a checkpoint at iter:  804000
Iteration  806000 :    Loss-adversarial =   0.6410
...saving a checkpoint at iter:  806000
Iteration  808000 :    Loss-adversarial =   0.6793
...saving a checkpoint at iter:  808000
Iteration  810000 :    Loss-adversarial =   0.5591
...saving a checkpoint at iter:  810000
Iteration  812000 :    Loss-adversarial =   0.6422
...saving a checkpoint at iter:  812000
Iteration  814000 :    Loss-adversarial =   0.6772
...saving a checkpoint at iter:  814000
Iteration  816000 :    Loss-adversarial =   0.6102
...saving a checkpoint at iter:  816000
Iteration  818000 :    Loss-adversarial =   0.5897
...saving a checkpoint at iter:  818000
Iteration  820000 :    Loss-adversarial =   0.6390
...saving a checkpoint at iter:  820000
Iteration  822000 :    Loss-adversarial =   0.5769
...saving a checkpoint at iter:  822000
Iteration  824000 :    Loss-adversarial =   0.6341
...saving a checkpoint at iter:  824000
Iteration  826000 :    Loss-adversarial =   0.6299
...saving a checkpoint at iter:  826000
Iteration  828000 :    Loss-adversarial =   0.6555
...saving a checkpoint at iter:  828000
Iteration  830000 :    Loss-adversarial =   0.7460
...saving a checkpoint at iter:  830000
Iteration  832000 :    Loss-adversarial =   0.7037
...saving a checkpoint at iter:  832000
Iteration  834000 :    Loss-adversarial =   0.5476
...saving a checkpoint at iter:  834000
Iteration  836000 :    Loss-adversarial =   0.7037
...saving a checkpoint at iter:  836000
Iteration  838000 :    Loss-adversarial =   0.5911
...saving a checkpoint at iter:  838000
Iteration  840000 :    Loss-adversarial =   0.5462
...saving a checkpoint at iter:  840000
Iteration  842000 :    Loss-adversarial =   0.6231
...saving a checkpoint at iter:  842000
Iteration  844000 :    Loss-adversarial =   0.6310
...saving a checkpoint at iter:  844000
Iteration  846000 :    Loss-adversarial =   0.6394
...saving a checkpoint at iter:  846000
Iteration  848000 :    Loss-adversarial =   0.6495
...saving a checkpoint at iter:  848000
Iteration  850000 :    Loss-adversarial =   0.6528
...saving a checkpoint at iter:  850000
Iteration  852000 :    Loss-adversarial =   0.6556
...saving a checkpoint at iter:  852000
Iteration  854000 :    Loss-adversarial =   0.6527
...saving a checkpoint at iter:  854000
Iteration  856000 :    Loss-adversarial =   0.6268
...saving a checkpoint at iter:  856000
Iteration  858000 :    Loss-adversarial =   0.6052
...saving a checkpoint at iter:  858000
Iteration  860000 :    Loss-adversarial =   0.7096
...saving a checkpoint at iter:  860000
Iteration  862000 :    Loss-adversarial =   0.5898
...saving a checkpoint at iter:  862000
Iteration  864000 :    Loss-adversarial =   0.6623
...saving a checkpoint at iter:  864000
Iteration  866000 :    Loss-adversarial =   0.6235
...saving a checkpoint at iter:  866000
Iteration  868000 :    Loss-adversarial =   0.5362
...saving a checkpoint at iter:  868000
Iteration  870000 :    Loss-adversarial =   0.5147
...saving a checkpoint at iter:  870000
Iteration  872000 :    Loss-adversarial =   0.6454
...saving a checkpoint at iter:  872000
Iteration  874000 :    Loss-adversarial =   0.6998
...saving a checkpoint at iter:  874000
Iteration  876000 :    Loss-adversarial =   0.5126
...saving a checkpoint at iter:  876000
Iteration  878000 :    Loss-adversarial =   0.5765
...saving a checkpoint at iter:  878000
Iteration  880000 :    Loss-adversarial =   0.6045
...saving a checkpoint at iter:  880000
Iteration  882000 :    Loss-adversarial =   0.6227
...saving a checkpoint at iter:  882000
Iteration  884000 :    Loss-adversarial =   0.6495
...saving a checkpoint at iter:  884000
Iteration  886000 :    Loss-adversarial =   0.5649
...saving a checkpoint at iter:  886000
Iteration  888000 :    Loss-adversarial =   0.5588
...saving a checkpoint at iter:  888000
Iteration  890000 :    Loss-adversarial =   0.6549
...saving a checkpoint at iter:  890000
Iteration  892000 :    Loss-adversarial =   0.6580
...saving a checkpoint at iter:  892000
Iteration  894000 :    Loss-adversarial =   0.6308
...saving a checkpoint at iter:  894000
Iteration  896000 :    Loss-adversarial =   0.6241
...saving a checkpoint at iter:  896000
Iteration  898000 :    Loss-adversarial =   0.6923
...saving a checkpoint at iter:  898000
Iteration  900000 :    Loss-adversarial =   0.8078
...saving a checkpoint at iter:  900000
Iteration  902000 :    Loss-adversarial =   0.5900
...saving a checkpoint at iter:  902000
Iteration  904000 :    Loss-adversarial =   0.5361
...saving a checkpoint at iter:  904000
Iteration  906000 :    Loss-adversarial =   0.5890
...saving a checkpoint at iter:  906000
Iteration  908000 :    Loss-adversarial =   0.6203
...saving a checkpoint at iter:  908000
Iteration  910000 :    Loss-adversarial =   0.5560
...saving a checkpoint at iter:  910000
Iteration  912000 :    Loss-adversarial =   0.5761
...saving a checkpoint at iter:  912000
Iteration  914000 :    Loss-adversarial =   0.6407
...saving a checkpoint at iter:  914000
Iteration  916000 :    Loss-adversarial =   0.5626
...saving a checkpoint at iter:  916000
Iteration  918000 :    Loss-adversarial =   0.6025
...saving a checkpoint at iter:  918000
Iteration  920000 :    Loss-adversarial =   0.6538
...saving a checkpoint at iter:  920000
Iteration  922000 :    Loss-adversarial =   0.6425
...saving a checkpoint at iter:  922000
Iteration  924000 :    Loss-adversarial =   0.6257
...saving a checkpoint at iter:  924000
Iteration  926000 :    Loss-adversarial =   0.7094
...saving a checkpoint at iter:  926000
Iteration  928000 :    Loss-adversarial =   0.5517
...saving a checkpoint at iter:  928000
Iteration  930000 :    Loss-adversarial =   0.5671
...saving a checkpoint at iter:  930000
Iteration  932000 :    Loss-adversarial =   0.5096
...saving a checkpoint at iter:  932000
Iteration  934000 :    Loss-adversarial =   0.5552
...saving a checkpoint at iter:  934000
Iteration  936000 :    Loss-adversarial =   0.5760
...saving a checkpoint at iter:  936000
Iteration  938000 :    Loss-adversarial =   0.5371
...saving a checkpoint at iter:  938000
Iteration  940000 :    Loss-adversarial =   0.5766
...saving a checkpoint at iter:  940000
Iteration  942000 :    Loss-adversarial =   0.6095
...saving a checkpoint at iter:  942000
Iteration  944000 :    Loss-adversarial =   0.5651
...saving a checkpoint at iter:  944000
Iteration  946000 :    Loss-adversarial =   0.5963
...saving a checkpoint at iter:  946000
Iteration  948000 :    Loss-adversarial =   0.6611
...saving a checkpoint at iter:  948000
Iteration  950000 :    Loss-adversarial =   0.5232
...saving a checkpoint at iter:  950000
Iteration  952000 :    Loss-adversarial =   0.5754
...saving a checkpoint at iter:  952000
Iteration  954000 :    Loss-adversarial =   0.5801
...saving a checkpoint at iter:  954000
Iteration  956000 :    Loss-adversarial =   0.5740
...saving a checkpoint at iter:  956000
Iteration  958000 :    Loss-adversarial =   0.5873
...saving a checkpoint at iter:  958000
Iteration  960000 :    Loss-adversarial =   0.6398
...saving a checkpoint at iter:  960000
Iteration  962000 :    Loss-adversarial =   0.6381
...saving a checkpoint at iter:  962000
Iteration  964000 :    Loss-adversarial =   0.5777
...saving a checkpoint at iter:  964000
Iteration  966000 :    Loss-adversarial =   0.6256
...saving a checkpoint at iter:  966000
Iteration  968000 :    Loss-adversarial =   0.6461
...saving a checkpoint at iter:  968000
Iteration  970000 :    Loss-adversarial =   0.5229
...saving a checkpoint at iter:  970000
Iteration  972000 :    Loss-adversarial =   0.6058
...saving a checkpoint at iter:  972000
Iteration  974000 :    Loss-adversarial =   0.5690
...saving a checkpoint at iter:  974000
Iteration  976000 :    Loss-adversarial =   0.4851
...saving a checkpoint at iter:  976000
Iteration  978000 :    Loss-adversarial =   0.5110
...saving a checkpoint at iter:  978000
Iteration  980000 :    Loss-adversarial =   0.5474
...saving a checkpoint at iter:  980000
Iteration  982000 :    Loss-adversarial =   0.6119
...saving a checkpoint at iter:  982000
Iteration  984000 :    Loss-adversarial =   0.6663
...saving a checkpoint at iter:  984000
Iteration  986000 :    Loss-adversarial =   0.6216
...saving a checkpoint at iter:  986000
Iteration  988000 :    Loss-adversarial =   0.5929
...saving a checkpoint at iter:  988000
Iteration  990000 :    Loss-adversarial =   0.5743
...saving a checkpoint at iter:  990000
Iteration  992000 :    Loss-adversarial =   0.6105
...saving a checkpoint at iter:  992000
Iteration  994000 :    Loss-adversarial =   0.5826
...saving a checkpoint at iter:  994000
Iteration  996000 :    Loss-adversarial =   0.5589
...saving a checkpoint at iter:  996000
Iteration  998000 :    Loss-adversarial =   0.6004
...saving a checkpoint at iter:  998000
Iteration  1000000 :    Loss-adversarial =   0.5809
...saving a checkpoint at iter:  1000000
Iteration  1002000 :    Loss-adversarial =   0.5931
...saving a checkpoint at iter:  1002000
Iteration  1004000 :    Loss-adversarial =   0.5910
...saving a checkpoint at iter:  1004000
Iteration  1006000 :    Loss-adversarial =   0.5497
...saving a checkpoint at iter:  1006000
Iteration  1008000 :    Loss-adversarial =   0.5998
...saving a checkpoint at iter:  1008000
Iteration  1010000 :    Loss-adversarial =   0.5920
...saving a checkpoint at iter:  1010000
Iteration  1012000 :    Loss-adversarial =   0.6610
...saving a checkpoint at iter:  1012000
Iteration  1014000 :    Loss-adversarial =   0.6356
...saving a checkpoint at iter:  1014000
Iteration  1016000 :    Loss-adversarial =   0.5021
...saving a checkpoint at iter:  1016000
Iteration  1018000 :    Loss-adversarial =   0.5099
...saving a checkpoint at iter:  1018000
Iteration  1020000 :    Loss-adversarial =   0.5697
...saving a checkpoint at iter:  1020000
Iteration  1022000 :    Loss-adversarial =   0.6077
...saving a checkpoint at iter:  1022000
Iteration  1024000 :    Loss-adversarial =   0.6046
...saving a checkpoint at iter:  1024000
Iteration  1026000 :    Loss-adversarial =   0.5127
...saving a checkpoint at iter:  1026000
Iteration  1028000 :    Loss-adversarial =   0.5965
...saving a checkpoint at iter:  1028000
Iteration  1030000 :    Loss-adversarial =   0.5340
...saving a checkpoint at iter:  1030000
Iteration  1032000 :    Loss-adversarial =   0.5040
...saving a checkpoint at iter:  1032000
Iteration  1034000 :    Loss-adversarial =   0.5248
...saving a checkpoint at iter:  1034000
Iteration  1036000 :    Loss-adversarial =   0.5367
...saving a checkpoint at iter:  1036000
Iteration  1038000 :    Loss-adversarial =   0.5657
...saving a checkpoint at iter:  1038000
Iteration  1040000 :    Loss-adversarial =   0.4880
...saving a checkpoint at iter:  1040000
Iteration  1042000 :    Loss-adversarial =   0.5778
...saving a checkpoint at iter:  1042000
Iteration  1044000 :    Loss-adversarial =   0.5648
...saving a checkpoint at iter:  1044000
Iteration  1046000 :    Loss-adversarial =   0.5804
...saving a checkpoint at iter:  1046000
Iteration  1048000 :    Loss-adversarial =   0.6662
...saving a checkpoint at iter:  1048000
Iteration  1050000 :    Loss-adversarial =   0.6845
...saving a checkpoint at iter:  1050000
Iteration  1052000 :    Loss-adversarial =   0.5671
...saving a checkpoint at iter:  1052000
Iteration  1054000 :    Loss-adversarial =   0.5717
...saving a checkpoint at iter:  1054000
Iteration  1056000 :    Loss-adversarial =   0.5244
...saving a checkpoint at iter:  1056000
Iteration  1058000 :    Loss-adversarial =   0.5043
...saving a checkpoint at iter:  1058000
Iteration  1060000 :    Loss-adversarial =   0.5550
...saving a checkpoint at iter:  1060000
Iteration  1062000 :    Loss-adversarial =   0.6572
...saving a checkpoint at iter:  1062000
Iteration  1064000 :    Loss-adversarial =   0.5599
...saving a checkpoint at iter:  1064000
Iteration  1066000 :    Loss-adversarial =   0.5257
...saving a checkpoint at iter:  1066000
Iteration  1068000 :    Loss-adversarial =   0.5749
...saving a checkpoint at iter:  1068000
Iteration  1070000 :    Loss-adversarial =   0.6558
...saving a checkpoint at iter:  1070000
Iteration  1072000 :    Loss-adversarial =   0.5445
...saving a checkpoint at iter:  1072000
Iteration  1074000 :    Loss-adversarial =   0.6641
...saving a checkpoint at iter:  1074000
Iteration  1076000 :    Loss-adversarial =   0.5507
...saving a checkpoint at iter:  1076000
Iteration  1078000 :    Loss-adversarial =   0.5422
...saving a checkpoint at iter:  1078000
Iteration  1080000 :    Loss-adversarial =   0.5516
...saving a checkpoint at iter:  1080000
Iteration  1082000 :    Loss-adversarial =   0.5795
...saving a checkpoint at iter:  1082000
Iteration  1084000 :    Loss-adversarial =   0.5336
...saving a checkpoint at iter:  1084000
Iteration  1086000 :    Loss-adversarial =   0.5643
...saving a checkpoint at iter:  1086000
Iteration  1088000 :    Loss-adversarial =   0.5742
...saving a checkpoint at iter:  1088000
Iteration  1090000 :    Loss-adversarial =   0.5012
...saving a checkpoint at iter:  1090000
Iteration  1092000 :    Loss-adversarial =   0.5947
...saving a checkpoint at iter:  1092000
Iteration  1094000 :    Loss-adversarial =   0.6318
...saving a checkpoint at iter:  1094000
Iteration  1096000 :    Loss-adversarial =   0.7185
...saving a checkpoint at iter:  1096000
Iteration  1098000 :    Loss-adversarial =   0.5740
...saving a checkpoint at iter:  1098000
Iteration  1100000 :    Loss-adversarial =   0.5261
...saving a checkpoint at iter:  1100000
Iteration  1102000 :    Loss-adversarial =   0.5248
...saving a checkpoint at iter:  1102000
Iteration  1104000 :    Loss-adversarial =   0.5342
...saving a checkpoint at iter:  1104000
Iteration  1106000 :    Loss-adversarial =   0.5601
...saving a checkpoint at iter:  1106000
Iteration  1108000 :    Loss-adversarial =   0.5574
...saving a checkpoint at iter:  1108000
Iteration  1110000 :    Loss-adversarial =   0.6061
...saving a checkpoint at iter:  1110000
Iteration  1112000 :    Loss-adversarial =   0.5096
...saving a checkpoint at iter:  1112000
Iteration  1114000 :    Loss-adversarial =   0.5674
...saving a checkpoint at iter:  1114000
Iteration  1116000 :    Loss-adversarial =   0.4996
...saving a checkpoint at iter:  1116000
Iteration  1118000 :    Loss-adversarial =   0.4822
...saving a checkpoint at iter:  1118000
Iteration  1120000 :    Loss-adversarial =   0.5535
...saving a checkpoint at iter:  1120000
Iteration  1122000 :    Loss-adversarial =   0.5356
...saving a checkpoint at iter:  1122000
Iteration  1124000 :    Loss-adversarial =   0.6054
...saving a checkpoint at iter:  1124000
Iteration  1126000 :    Loss-adversarial =   0.5758
...saving a checkpoint at iter:  1126000
Iteration  1128000 :    Loss-adversarial =   0.5912
...saving a checkpoint at iter:  1128000
Iteration  1130000 :    Loss-adversarial =   0.6318
...saving a checkpoint at iter:  1130000
Iteration  1132000 :    Loss-adversarial =   0.5829
...saving a checkpoint at iter:  1132000
Iteration  1134000 :    Loss-adversarial =   0.5959
...saving a checkpoint at iter:  1134000
Iteration  1136000 :    Loss-adversarial =   0.6243
...saving a checkpoint at iter:  1136000
Iteration  1138000 :    Loss-adversarial =   0.5745
...saving a checkpoint at iter:  1138000
Iteration  1140000 :    Loss-adversarial =   0.5483
...saving a checkpoint at iter:  1140000
Iteration  1142000 :    Loss-adversarial =   0.5597
...saving a checkpoint at iter:  1142000
Iteration  1144000 :    Loss-adversarial =   0.4816
...saving a checkpoint at iter:  1144000
Iteration  1146000 :    Loss-adversarial =   0.5448
...saving a checkpoint at iter:  1146000
Iteration  1148000 :    Loss-adversarial =   0.5967
...saving a checkpoint at iter:  1148000
Iteration  1150000 :    Loss-adversarial =   0.6070
...saving a checkpoint at iter:  1150000
Iteration  1152000 :    Loss-adversarial =   0.5708
...saving a checkpoint at iter:  1152000
Iteration  1154000 :    Loss-adversarial =   0.5964
...saving a checkpoint at iter:  1154000
Iteration  1156000 :    Loss-adversarial =   0.6107
...saving a checkpoint at iter:  1156000
Iteration  1158000 :    Loss-adversarial =   0.5559
...saving a checkpoint at iter:  1158000
Iteration  1160000 :    Loss-adversarial =   0.5486
...saving a checkpoint at iter:  1160000
Iteration  1162000 :    Loss-adversarial =   0.5144
...saving a checkpoint at iter:  1162000
Iteration  1164000 :    Loss-adversarial =   0.5360
...saving a checkpoint at iter:  1164000
Iteration  1166000 :    Loss-adversarial =   0.5289
...saving a checkpoint at iter:  1166000
Iteration  1168000 :    Loss-adversarial =   0.5513
...saving a checkpoint at iter:  1168000
Iteration  1170000 :    Loss-adversarial =   0.5699
...saving a checkpoint at iter:  1170000
Iteration  1172000 :    Loss-adversarial =   0.6085
...saving a checkpoint at iter:  1172000
Iteration  1174000 :    Loss-adversarial =   0.5684
...saving a checkpoint at iter:  1174000
Iteration  1176000 :    Loss-adversarial =   0.5274
...saving a checkpoint at iter:  1176000
Iteration  1178000 :    Loss-adversarial =   0.5715
...saving a checkpoint at iter:  1178000
Iteration  1180000 :    Loss-adversarial =   0.6338
...saving a checkpoint at iter:  1180000
Iteration  1182000 :    Loss-adversarial =   0.6128
...saving a checkpoint at iter:  1182000
Iteration  1184000 :    Loss-adversarial =   0.5779
...saving a checkpoint at iter:  1184000
Iteration  1186000 :    Loss-adversarial =   0.5454
...saving a checkpoint at iter:  1186000
Iteration  1188000 :    Loss-adversarial =   0.5086
...saving a checkpoint at iter:  1188000
Iteration  1190000 :    Loss-adversarial =   0.5789
...saving a checkpoint at iter:  1190000
Iteration  1192000 :    Loss-adversarial =   0.4642
...saving a checkpoint at iter:  1192000
Iteration  1194000 :    Loss-adversarial =   0.5474
...saving a checkpoint at iter:  1194000
Iteration  1196000 :    Loss-adversarial =   0.6064
...saving a checkpoint at iter:  1196000
Iteration  1198000 :    Loss-adversarial =   0.5074
...saving a checkpoint at iter:  1198000
Iteration  1200000 :    Loss-adversarial =   0.5947
...saving a checkpoint at iter:  1200000
Iteration  1202000 :    Loss-adversarial =   0.5516
...saving a checkpoint at iter:  1202000
Iteration  1204000 :    Loss-adversarial =   0.5681
...saving a checkpoint at iter:  1204000
Iteration  1206000 :    Loss-adversarial =   0.5498
...saving a checkpoint at iter:  1206000
Iteration  1208000 :    Loss-adversarial =   0.6253
...saving a checkpoint at iter:  1208000
Iteration  1210000 :    Loss-adversarial =   0.6175
...saving a checkpoint at iter:  1210000
Iteration  1212000 :    Loss-adversarial =   0.5536
...saving a checkpoint at iter:  1212000
Iteration  1214000 :    Loss-adversarial =   0.6006
...saving a checkpoint at iter:  1214000
Iteration  1216000 :    Loss-adversarial =   0.5049
...saving a checkpoint at iter:  1216000
Iteration  1218000 :    Loss-adversarial =   0.5388
...saving a checkpoint at iter:  1218000
Iteration  1220000 :    Loss-adversarial =   0.5035
...saving a checkpoint at iter:  1220000
Iteration  1222000 :    Loss-adversarial =   0.5584
...saving a checkpoint at iter:  1222000
Iteration  1224000 :    Loss-adversarial =   0.4830
...saving a checkpoint at iter:  1224000
Iteration  1226000 :    Loss-adversarial =   0.5887
...saving a checkpoint at iter:  1226000
Iteration  1228000 :    Loss-adversarial =   0.6074
...saving a checkpoint at iter:  1228000
Iteration  1230000 :    Loss-adversarial =   0.5104
...saving a checkpoint at iter:  1230000
Iteration  1232000 :    Loss-adversarial =   0.5406
...saving a checkpoint at iter:  1232000
Iteration  1234000 :    Loss-adversarial =   0.5835
...saving a checkpoint at iter:  1234000
Iteration  1236000 :    Loss-adversarial =   0.5362
...saving a checkpoint at iter:  1236000
Iteration  1238000 :    Loss-adversarial =   0.5706
...saving a checkpoint at iter:  1238000
Iteration  1240000 :    Loss-adversarial =   0.5223
...saving a checkpoint at iter:  1240000
Iteration  1242000 :    Loss-adversarial =   0.5915
...saving a checkpoint at iter:  1242000
Iteration  1244000 :    Loss-adversarial =   0.4893
...saving a checkpoint at iter:  1244000
Iteration  1246000 :    Loss-adversarial =   0.5119
...saving a checkpoint at iter:  1246000
Iteration  1248000 :    Loss-adversarial =   0.6154
...saving a checkpoint at iter:  1248000
Iteration  1250000 :    Loss-adversarial =   0.5586
...saving a checkpoint at iter:  1250000
Iteration  1252000 :    Loss-adversarial =   0.5395
...saving a checkpoint at iter:  1252000
Iteration  1254000 :    Loss-adversarial =   0.5480
...saving a checkpoint at iter:  1254000
Iteration  1256000 :    Loss-adversarial =   0.5399
...saving a checkpoint at iter:  1256000
Iteration  1258000 :    Loss-adversarial =   0.5970
...saving a checkpoint at iter:  1258000
Iteration  1260000 :    Loss-adversarial =   0.5203
...saving a checkpoint at iter:  1260000
Iteration  1262000 :    Loss-adversarial =   0.4961
...saving a checkpoint at iter:  1262000
Iteration  1264000 :    Loss-adversarial =   0.4753
...saving a checkpoint at iter:  1264000
Iteration  1266000 :    Loss-adversarial =   0.4952
...saving a checkpoint at iter:  1266000
Iteration  1268000 :    Loss-adversarial =   0.5671
...saving a checkpoint at iter:  1268000
Iteration  1270000 :    Loss-adversarial =   0.5587
...saving a checkpoint at iter:  1270000
Iteration  1272000 :    Loss-adversarial =   0.5135
...saving a checkpoint at iter:  1272000
Iteration  1274000 :    Loss-adversarial =   0.5786
...saving a checkpoint at iter:  1274000
Iteration  1276000 :    Loss-adversarial =   0.5202
...saving a checkpoint at iter:  1276000
Iteration  1278000 :    Loss-adversarial =   0.4726
...saving a checkpoint at iter:  1278000
Iteration  1280000 :    Loss-adversarial =   0.5183
...saving a checkpoint at iter:  1280000
Iteration  1282000 :    Loss-adversarial =   0.6082
...saving a checkpoint at iter:  1282000
Iteration  1284000 :    Loss-adversarial =   0.4767
...saving a checkpoint at iter:  1284000
Iteration  1286000 :    Loss-adversarial =   0.5899
...saving a checkpoint at iter:  1286000
Iteration  1288000 :    Loss-adversarial =   0.5157
...saving a checkpoint at iter:  1288000
Iteration  1290000 :    Loss-adversarial =   0.5602
...saving a checkpoint at iter:  1290000
Iteration  1292000 :    Loss-adversarial =   0.6237
...saving a checkpoint at iter:  1292000
Iteration  1294000 :    Loss-adversarial =   0.6384
...saving a checkpoint at iter:  1294000
Iteration  1296000 :    Loss-adversarial =   0.5067
...saving a checkpoint at iter:  1296000
Iteration  1298000 :    Loss-adversarial =   0.5520
...saving a checkpoint at iter:  1298000
Iteration  1300000 :    Loss-adversarial =   0.6103
...saving a checkpoint at iter:  1300000
Iteration  1302000 :    Loss-adversarial =   0.5316
...saving a checkpoint at iter:  1302000
Iteration  1304000 :    Loss-adversarial =   0.5008
...saving a checkpoint at iter:  1304000
Iteration  1306000 :    Loss-adversarial =   0.5146
...saving a checkpoint at iter:  1306000
Iteration  1308000 :    Loss-adversarial =   0.6136
...saving a checkpoint at iter:  1308000
Iteration  1310000 :    Loss-adversarial =   0.6227
...saving a checkpoint at iter:  1310000
Iteration  1312000 :    Loss-adversarial =   0.4985
...saving a checkpoint at iter:  1312000
Iteration  1314000 :    Loss-adversarial =   0.5607
...saving a checkpoint at iter:  1314000
Iteration  1316000 :    Loss-adversarial =   0.5124
...saving a checkpoint at iter:  1316000
Iteration  1318000 :    Loss-adversarial =   0.5513
...saving a checkpoint at iter:  1318000
Iteration  1320000 :    Loss-adversarial =   0.6032
...saving a checkpoint at iter:  1320000
Iteration  1322000 :    Loss-adversarial =   0.5384
...saving a checkpoint at iter:  1322000
Iteration  1324000 :    Loss-adversarial =   0.5117
...saving a checkpoint at iter:  1324000
Iteration  1326000 :    Loss-adversarial =   0.4884
...saving a checkpoint at iter:  1326000
Iteration  1328000 :    Loss-adversarial =   0.5293
...saving a checkpoint at iter:  1328000
Iteration  1330000 :    Loss-adversarial =   0.5362
...saving a checkpoint at iter:  1330000
Iteration  1332000 :    Loss-adversarial =   0.4843
...saving a checkpoint at iter:  1332000
Iteration  1334000 :    Loss-adversarial =   0.6416
...saving a checkpoint at iter:  1334000
Iteration  1336000 :    Loss-adversarial =   0.5111
...saving a checkpoint at iter:  1336000
Iteration  1338000 :    Loss-adversarial =   0.4751
...saving a checkpoint at iter:  1338000
Iteration  1340000 :    Loss-adversarial =   0.5021
...saving a checkpoint at iter:  1340000
Iteration  1342000 :    Loss-adversarial =   0.6098
...saving a checkpoint at iter:  1342000
Iteration  1344000 :    Loss-adversarial =   0.4479
...saving a checkpoint at iter:  1344000
Iteration  1346000 :    Loss-adversarial =   0.5901
...saving a checkpoint at iter:  1346000
Iteration  1348000 :    Loss-adversarial =   0.5508
...saving a checkpoint at iter:  1348000
Iteration  1350000 :    Loss-adversarial =   0.4988
...saving a checkpoint at iter:  1350000
Iteration  1352000 :    Loss-adversarial =   0.5302
...saving a checkpoint at iter:  1352000
Iteration  1354000 :    Loss-adversarial =   0.5198
...saving a checkpoint at iter:  1354000
Iteration  1356000 :    Loss-adversarial =   0.5278
...saving a checkpoint at iter:  1356000
Iteration  1358000 :    Loss-adversarial =   0.5331
...saving a checkpoint at iter:  1358000
Iteration  1360000 :    Loss-adversarial =   0.5716
...saving a checkpoint at iter:  1360000
Iteration  1362000 :    Loss-adversarial =   0.5561
...saving a checkpoint at iter:  1362000
Iteration  1364000 :    Loss-adversarial =   0.5611
...saving a checkpoint at iter:  1364000
Iteration  1366000 :    Loss-adversarial =   0.4931
...saving a checkpoint at iter:  1366000
Iteration  1368000 :    Loss-adversarial =   0.4562
...saving a checkpoint at iter:  1368000
Iteration  1370000 :    Loss-adversarial =   0.5194
...saving a checkpoint at iter:  1370000
Iteration  1372000 :    Loss-adversarial =   0.4322
...saving a checkpoint at iter:  1372000
Iteration  1374000 :    Loss-adversarial =   0.5204
...saving a checkpoint at iter:  1374000
Iteration  1376000 :    Loss-adversarial =   0.5397
...saving a checkpoint at iter:  1376000
Iteration  1378000 :    Loss-adversarial =   0.6491
...saving a checkpoint at iter:  1378000
Iteration  1380000 :    Loss-adversarial =   0.4588
...saving a checkpoint at iter:  1380000
Iteration  1382000 :    Loss-adversarial =   0.6021
...saving a checkpoint at iter:  1382000
Iteration  1384000 :    Loss-adversarial =   0.4868
...saving a checkpoint at iter:  1384000
Iteration  1386000 :    Loss-adversarial =   0.4759
...saving a checkpoint at iter:  1386000
Iteration  1388000 :    Loss-adversarial =   0.5611
...saving a checkpoint at iter:  1388000
Iteration  1390000 :    Loss-adversarial =   0.4895
...saving a checkpoint at iter:  1390000
Iteration  1392000 :    Loss-adversarial =   0.5451
...saving a checkpoint at iter:  1392000
Iteration  1394000 :    Loss-adversarial =   0.5897
...saving a checkpoint at iter:  1394000
Iteration  1396000 :    Loss-adversarial =   0.5167
...saving a checkpoint at iter:  1396000
Iteration  1398000 :    Loss-adversarial =   0.4794
...saving a checkpoint at iter:  1398000
Iteration  1400000 :    Loss-adversarial =   0.5382
...saving a checkpoint at iter:  1400000
Iteration  1402000 :    Loss-adversarial =   0.5007
...saving a checkpoint at iter:  1402000
Iteration  1404000 :    Loss-adversarial =   0.5352
...saving a checkpoint at iter:  1404000
Iteration  1406000 :    Loss-adversarial =   0.4949
...saving a checkpoint at iter:  1406000
Iteration  1408000 :    Loss-adversarial =   0.5200
...saving a checkpoint at iter:  1408000
Iteration  1410000 :    Loss-adversarial =   0.4982
...saving a checkpoint at iter:  1410000
Iteration  1412000 :    Loss-adversarial =   0.6110
...saving a checkpoint at iter:  1412000
Iteration  1414000 :    Loss-adversarial =   0.5778
...saving a checkpoint at iter:  1414000
Iteration  1416000 :    Loss-adversarial =   0.5130
...saving a checkpoint at iter:  1416000
Iteration  1418000 :    Loss-adversarial =   0.4936
...saving a checkpoint at iter:  1418000
Iteration  1420000 :    Loss-adversarial =   0.5072
...saving a checkpoint at iter:  1420000
Iteration  1422000 :    Loss-adversarial =   0.6021
...saving a checkpoint at iter:  1422000
Iteration  1424000 :    Loss-adversarial =   0.5464
...saving a checkpoint at iter:  1424000
Iteration  1426000 :    Loss-adversarial =   0.5632
...saving a checkpoint at iter:  1426000
Iteration  1428000 :    Loss-adversarial =   0.5544
...saving a checkpoint at iter:  1428000
Iteration  1430000 :    Loss-adversarial =   0.5191
...saving a checkpoint at iter:  1430000
Iteration  1432000 :    Loss-adversarial =   0.5535
...saving a checkpoint at iter:  1432000
Iteration  1434000 :    Loss-adversarial =   0.5158
...saving a checkpoint at iter:  1434000
Iteration  1436000 :    Loss-adversarial =   0.4940
...saving a checkpoint at iter:  1436000
Iteration  1438000 :    Loss-adversarial =   0.5620
...saving a checkpoint at iter:  1438000
Iteration  1440000 :    Loss-adversarial =   0.6002
...saving a checkpoint at iter:  1440000
Iteration  1442000 :    Loss-adversarial =   0.5960
...saving a checkpoint at iter:  1442000
Iteration  1444000 :    Loss-adversarial =   0.5279
...saving a checkpoint at iter:  1444000
Iteration  1446000 :    Loss-adversarial =   0.4848
...saving a checkpoint at iter:  1446000
Iteration  1448000 :    Loss-adversarial =   0.5125
...saving a checkpoint at iter:  1448000
Iteration  1450000 :    Loss-adversarial =   0.5620
...saving a checkpoint at iter:  1450000
Iteration  1452000 :    Loss-adversarial =   0.5942
...saving a checkpoint at iter:  1452000
Iteration  1454000 :    Loss-adversarial =   0.5791
...saving a checkpoint at iter:  1454000
Iteration  1456000 :    Loss-adversarial =   0.6026
...saving a checkpoint at iter:  1456000
Iteration  1458000 :    Loss-adversarial =   0.5566
...saving a checkpoint at iter:  1458000
Iteration  1460000 :    Loss-adversarial =   0.4805
...saving a checkpoint at iter:  1460000
Iteration  1462000 :    Loss-adversarial =   0.5362
...saving a checkpoint at iter:  1462000
Iteration  1464000 :    Loss-adversarial =   0.5281
...saving a checkpoint at iter:  1464000
Iteration  1466000 :    Loss-adversarial =   0.5888
...saving a checkpoint at iter:  1466000
Iteration  1468000 :    Loss-adversarial =   0.5594
...saving a checkpoint at iter:  1468000
Iteration  1470000 :    Loss-adversarial =   0.4878
...saving a checkpoint at iter:  1470000
Iteration  1472000 :    Loss-adversarial =   0.4823
...saving a checkpoint at iter:  1472000
Iteration  1474000 :    Loss-adversarial =   0.5688
...saving a checkpoint at iter:  1474000
Iteration  1476000 :    Loss-adversarial =   0.5749
...saving a checkpoint at iter:  1476000
Iteration  1478000 :    Loss-adversarial =   0.4592
...saving a checkpoint at iter:  1478000
Iteration  1480000 :    Loss-adversarial =   0.6228
...saving a checkpoint at iter:  1480000
Iteration  1482000 :    Loss-adversarial =   0.5024
...saving a checkpoint at iter:  1482000
Iteration  1484000 :    Loss-adversarial =   0.5350
...saving a checkpoint at iter:  1484000
Iteration  1486000 :    Loss-adversarial =   0.5549
...saving a checkpoint at iter:  1486000
Iteration  1488000 :    Loss-adversarial =   0.4932
...saving a checkpoint at iter:  1488000
Iteration  1490000 :    Loss-adversarial =   0.4509
...saving a checkpoint at iter:  1490000
Iteration  1492000 :    Loss-adversarial =   0.5256
...saving a checkpoint at iter:  1492000
Iteration  1494000 :    Loss-adversarial =   0.4547
...saving a checkpoint at iter:  1494000
Iteration  1496000 :    Loss-adversarial =   0.5408
...saving a checkpoint at iter:  1496000
Iteration  1498000 :    Loss-adversarial =   0.5080
...saving a checkpoint at iter:  1498000
Iteration  1500000 :    Loss-adversarial =   0.5179
...saving a checkpoint at iter:  1500000
Iteration  1502000 :    Loss-adversarial =   0.5044
...saving a checkpoint at iter:  1502000
Iteration  1504000 :    Loss-adversarial =   0.5402
...saving a checkpoint at iter:  1504000
Iteration  1506000 :    Loss-adversarial =   0.5220
...saving a checkpoint at iter:  1506000
Iteration  1508000 :    Loss-adversarial =   0.5089
...saving a checkpoint at iter:  1508000
Iteration  1510000 :    Loss-adversarial =   0.5250
...saving a checkpoint at iter:  1510000
Iteration  1512000 :    Loss-adversarial =   0.5008
...saving a checkpoint at iter:  1512000
Iteration  1514000 :    Loss-adversarial =   0.5409
...saving a checkpoint at iter:  1514000
Iteration  1516000 :    Loss-adversarial =   0.6284
...saving a checkpoint at iter:  1516000
Iteration  1518000 :    Loss-adversarial =   0.5502
...saving a checkpoint at iter:  1518000
Iteration  1520000 :    Loss-adversarial =   0.6147
...saving a checkpoint at iter:  1520000
Iteration  1522000 :    Loss-adversarial =   0.5310
...saving a checkpoint at iter:  1522000
Iteration  1524000 :    Loss-adversarial =   0.5408
...saving a checkpoint at iter:  1524000
Iteration  1526000 :    Loss-adversarial =   0.5202
...saving a checkpoint at iter:  1526000
Iteration  1528000 :    Loss-adversarial =   0.5700
...saving a checkpoint at iter:  1528000
Iteration  1530000 :    Loss-adversarial =   0.4849
...saving a checkpoint at iter:  1530000
Iteration  1532000 :    Loss-adversarial =   0.6016
...saving a checkpoint at iter:  1532000
Iteration  1534000 :    Loss-adversarial =   0.6779
...saving a checkpoint at iter:  1534000
Iteration  1536000 :    Loss-adversarial =   0.5321
...saving a checkpoint at iter:  1536000
Iteration  1538000 :    Loss-adversarial =   0.4950
...saving a checkpoint at iter:  1538000
Iteration  1540000 :    Loss-adversarial =   0.5730
...saving a checkpoint at iter:  1540000
Iteration  1542000 :    Loss-adversarial =   0.5079
...saving a checkpoint at iter:  1542000
Iteration  1544000 :    Loss-adversarial =   0.5177
...saving a checkpoint at iter:  1544000
Iteration  1546000 :    Loss-adversarial =   0.4709
...saving a checkpoint at iter:  1546000
Iteration  1548000 :    Loss-adversarial =   0.5390
...saving a checkpoint at iter:  1548000
Iteration  1550000 :    Loss-adversarial =   0.5478
...saving a checkpoint at iter:  1550000
Iteration  1552000 :    Loss-adversarial =   0.5887
...saving a checkpoint at iter:  1552000
Iteration  1554000 :    Loss-adversarial =   0.5274
...saving a checkpoint at iter:  1554000
Iteration  1556000 :    Loss-adversarial =   0.5911
...saving a checkpoint at iter:  1556000
Iteration  1558000 :    Loss-adversarial =   0.5102
...saving a checkpoint at iter:  1558000
Iteration  1560000 :    Loss-adversarial =   0.4948
...saving a checkpoint at iter:  1560000
Iteration  1562000 :    Loss-adversarial =   0.5200
...saving a checkpoint at iter:  1562000
Iteration  1564000 :    Loss-adversarial =   0.4867
...saving a checkpoint at iter:  1564000
Iteration  1566000 :    Loss-adversarial =   0.5418
...saving a checkpoint at iter:  1566000
Iteration  1568000 :    Loss-adversarial =   0.4890
...saving a checkpoint at iter:  1568000
Iteration  1570000 :    Loss-adversarial =   0.5066
...saving a checkpoint at iter:  1570000
Iteration  1572000 :    Loss-adversarial =   0.4470
...saving a checkpoint at iter:  1572000
Iteration  1574000 :    Loss-adversarial =   0.4809
...saving a checkpoint at iter:  1574000
Iteration  1576000 :    Loss-adversarial =   0.4750
...saving a checkpoint at iter:  1576000
Iteration  1578000 :    Loss-adversarial =   0.4960
...saving a checkpoint at iter:  1578000
Iteration  1580000 :    Loss-adversarial =   0.6354
...saving a checkpoint at iter:  1580000
Iteration  1582000 :    Loss-adversarial =   0.5911
...saving a checkpoint at iter:  1582000
Iteration  1584000 :    Loss-adversarial =   0.5260
...saving a checkpoint at iter:  1584000
Iteration  1586000 :    Loss-adversarial =   0.4925
...saving a checkpoint at iter:  1586000
Iteration  1588000 :    Loss-adversarial =   0.4779
...saving a checkpoint at iter:  1588000
Iteration  1590000 :    Loss-adversarial =   0.5217
...saving a checkpoint at iter:  1590000
Iteration  1592000 :    Loss-adversarial =   0.5724
...saving a checkpoint at iter:  1592000
Iteration  1594000 :    Loss-adversarial =   0.4833
...saving a checkpoint at iter:  1594000
Iteration  1596000 :    Loss-adversarial =   0.5888
...saving a checkpoint at iter:  1596000
Iteration  1598000 :    Loss-adversarial =   0.5460
...saving a checkpoint at iter:  1598000
Iteration  1600000 :    Loss-adversarial =   0.4841
...saving a checkpoint at iter:  1600000
Iteration  1602000 :    Loss-adversarial =   0.5053
...saving a checkpoint at iter:  1602000
Iteration  1604000 :    Loss-adversarial =   0.5164
...saving a checkpoint at iter:  1604000
Iteration  1606000 :    Loss-adversarial =   0.5393
...saving a checkpoint at iter:  1606000
Iteration  1608000 :    Loss-adversarial =   0.5162
...saving a checkpoint at iter:  1608000
Iteration  1610000 :    Loss-adversarial =   0.5220
...saving a checkpoint at iter:  1610000
Iteration  1612000 :    Loss-adversarial =   0.4861
...saving a checkpoint at iter:  1612000
Iteration  1614000 :    Loss-adversarial =   0.5166
...saving a checkpoint at iter:  1614000
Iteration  1616000 :    Loss-adversarial =   0.4935
...saving a checkpoint at iter:  1616000
Iteration  1618000 :    Loss-adversarial =   0.5097
...saving a checkpoint at iter:  1618000
Iteration  1620000 :    Loss-adversarial =   0.5163
...saving a checkpoint at iter:  1620000
Iteration  1622000 :    Loss-adversarial =   0.4775
...saving a checkpoint at iter:  1622000
Iteration  1624000 :    Loss-adversarial =   0.4988
...saving a checkpoint at iter:  1624000
Iteration  1626000 :    Loss-adversarial =   0.5372
...saving a checkpoint at iter:  1626000
Iteration  1628000 :    Loss-adversarial =   0.5608
...saving a checkpoint at iter:  1628000
Iteration  1630000 :    Loss-adversarial =   0.6046
...saving a checkpoint at iter:  1630000
Iteration  1632000 :    Loss-adversarial =   0.5392
...saving a checkpoint at iter:  1632000
Iteration  1634000 :    Loss-adversarial =   0.5167
...saving a checkpoint at iter:  1634000
Iteration  1636000 :    Loss-adversarial =   0.5015
...saving a checkpoint at iter:  1636000
Iteration  1638000 :    Loss-adversarial =   0.7153
...saving a checkpoint at iter:  1638000
Iteration  1640000 :    Loss-adversarial =   0.4516
...saving a checkpoint at iter:  1640000
Iteration  1642000 :    Loss-adversarial =   0.4851
...saving a checkpoint at iter:  1642000
Iteration  1644000 :    Loss-adversarial =   0.5659
...saving a checkpoint at iter:  1644000
Iteration  1646000 :    Loss-adversarial =   0.5313
...saving a checkpoint at iter:  1646000
Iteration  1648000 :    Loss-adversarial =   0.6589
...saving a checkpoint at iter:  1648000
Iteration  1650000 :    Loss-adversarial =   0.4940
...saving a checkpoint at iter:  1650000
Iteration  1652000 :    Loss-adversarial =   0.4519
...saving a checkpoint at iter:  1652000
Iteration  1654000 :    Loss-adversarial =   0.5168
...saving a checkpoint at iter:  1654000
Iteration  1656000 :    Loss-adversarial =   0.4269
...saving a checkpoint at iter:  1656000
Iteration  1658000 :    Loss-adversarial =   0.4641
...saving a checkpoint at iter:  1658000
Iteration  1660000 :    Loss-adversarial =   0.5816
...saving a checkpoint at iter:  1660000
Iteration  1662000 :    Loss-adversarial =   0.4691
...saving a checkpoint at iter:  1662000
Iteration  1664000 :    Loss-adversarial =   0.4869
...saving a checkpoint at iter:  1664000
Iteration  1666000 :    Loss-adversarial =   0.5441
...saving a checkpoint at iter:  1666000
Iteration  1668000 :    Loss-adversarial =   0.6155
...saving a checkpoint at iter:  1668000
Iteration  1670000 :    Loss-adversarial =   0.4852
...saving a checkpoint at iter:  1670000
Iteration  1672000 :    Loss-adversarial =   0.6124
...saving a checkpoint at iter:  1672000
Iteration  1674000 :    Loss-adversarial =   0.4862
...saving a checkpoint at iter:  1674000
Iteration  1676000 :    Loss-adversarial =   0.4637
...saving a checkpoint at iter:  1676000
Iteration  1678000 :    Loss-adversarial =   0.4334
...saving a checkpoint at iter:  1678000
Iteration  1680000 :    Loss-adversarial =   0.4966
...saving a checkpoint at iter:  1680000
Iteration  1682000 :    Loss-adversarial =   0.5527
...saving a checkpoint at iter:  1682000
Iteration  1684000 :    Loss-adversarial =   0.5436
...saving a checkpoint at iter:  1684000
Iteration  1686000 :    Loss-adversarial =   0.4595
...saving a checkpoint at iter:  1686000
Iteration  1688000 :    Loss-adversarial =   0.4899
...saving a checkpoint at iter:  1688000
Iteration  1690000 :    Loss-adversarial =   0.5007
...saving a checkpoint at iter:  1690000
Iteration  1692000 :    Loss-adversarial =   0.5052
...saving a checkpoint at iter:  1692000
Iteration  1694000 :    Loss-adversarial =   0.4725
...saving a checkpoint at iter:  1694000
Iteration  1696000 :    Loss-adversarial =   0.4701
...saving a checkpoint at iter:  1696000
Iteration  1698000 :    Loss-adversarial =   0.4744
...saving a checkpoint at iter:  1698000
Iteration  1700000 :    Loss-adversarial =   0.5327
...saving a checkpoint at iter:  1700000
Iteration  1702000 :    Loss-adversarial =   0.5739
...saving a checkpoint at iter:  1702000
Iteration  1704000 :    Loss-adversarial =   0.5478
...saving a checkpoint at iter:  1704000
Iteration  1706000 :    Loss-adversarial =   0.5632
...saving a checkpoint at iter:  1706000
Iteration  1708000 :    Loss-adversarial =   0.5322
...saving a checkpoint at iter:  1708000
Iteration  1710000 :    Loss-adversarial =   0.5380
...saving a checkpoint at iter:  1710000
Iteration  1712000 :    Loss-adversarial =   0.5126
...saving a checkpoint at iter:  1712000
Iteration  1714000 :    Loss-adversarial =   0.5403
...saving a checkpoint at iter:  1714000
Iteration  1716000 :    Loss-adversarial =   0.4985
...saving a checkpoint at iter:  1716000
Iteration  1718000 :    Loss-adversarial =   0.5004
...saving a checkpoint at iter:  1718000
Iteration  1720000 :    Loss-adversarial =   0.5358
...saving a checkpoint at iter:  1720000
Iteration  1722000 :    Loss-adversarial =   0.4724
...saving a checkpoint at iter:  1722000
Iteration  1724000 :    Loss-adversarial =   0.4892
...saving a checkpoint at iter:  1724000
Iteration  1726000 :    Loss-adversarial =   0.5218
...saving a checkpoint at iter:  1726000
Iteration  1728000 :    Loss-adversarial =   0.5438
...saving a checkpoint at iter:  1728000
Iteration  1730000 :    Loss-adversarial =   0.4704
...saving a checkpoint at iter:  1730000
Iteration  1732000 :    Loss-adversarial =   0.5044
...saving a checkpoint at iter:  1732000
Iteration  1734000 :    Loss-adversarial =   0.5148
...saving a checkpoint at iter:  1734000
Iteration  1736000 :    Loss-adversarial =   0.5965
...saving a checkpoint at iter:  1736000
Iteration  1738000 :    Loss-adversarial =   0.4999
...saving a checkpoint at iter:  1738000
Iteration  1740000 :    Loss-adversarial =   0.4905
...saving a checkpoint at iter:  1740000
Iteration  1742000 :    Loss-adversarial =   0.5574
...saving a checkpoint at iter:  1742000
Iteration  1744000 :    Loss-adversarial =   0.5097
...saving a checkpoint at iter:  1744000
Iteration  1746000 :    Loss-adversarial =   0.4960
...saving a checkpoint at iter:  1746000
Iteration  1748000 :    Loss-adversarial =   0.4422
...saving a checkpoint at iter:  1748000
Iteration  1750000 :    Loss-adversarial =   0.4804
...saving a checkpoint at iter:  1750000
Iteration  1752000 :    Loss-adversarial =   0.5174
...saving a checkpoint at iter:  1752000
Iteration  1754000 :    Loss-adversarial =   0.5126
...saving a checkpoint at iter:  1754000
Iteration  1756000 :    Loss-adversarial =   0.4032
...saving a checkpoint at iter:  1756000
Iteration  1758000 :    Loss-adversarial =   0.4715
...saving a checkpoint at iter:  1758000
Iteration  1760000 :    Loss-adversarial =   0.5033
...saving a checkpoint at iter:  1760000
Iteration  1762000 :    Loss-adversarial =   0.5393
...saving a checkpoint at iter:  1762000
Iteration  1764000 :    Loss-adversarial =   0.5703
...saving a checkpoint at iter:  1764000
Iteration  1766000 :    Loss-adversarial =   0.4804
...saving a checkpoint at iter:  1766000
Iteration  1768000 :    Loss-adversarial =   0.5650
...saving a checkpoint at iter:  1768000
Iteration  1770000 :    Loss-adversarial =   0.4406
...saving a checkpoint at iter:  1770000
Iteration  1772000 :    Loss-adversarial =   0.5295
...saving a checkpoint at iter:  1772000
Iteration  1774000 :    Loss-adversarial =   0.5296
...saving a checkpoint at iter:  1774000
Iteration  1776000 :    Loss-adversarial =   0.5302
...saving a checkpoint at iter:  1776000
Iteration  1778000 :    Loss-adversarial =   0.4180
...saving a checkpoint at iter:  1778000
Iteration  1780000 :    Loss-adversarial =   0.4567
...saving a checkpoint at iter:  1780000
Iteration  1782000 :    Loss-adversarial =   0.5060
...saving a checkpoint at iter:  1782000
Iteration  1784000 :    Loss-adversarial =   0.4858
...saving a checkpoint at iter:  1784000
Iteration  1786000 :    Loss-adversarial =   0.5431
...saving a checkpoint at iter:  1786000
Iteration  1788000 :    Loss-adversarial =   0.4619
...saving a checkpoint at iter:  1788000
Iteration  1790000 :    Loss-adversarial =   0.5007
...saving a checkpoint at iter:  1790000
Iteration  1792000 :    Loss-adversarial =   0.4300
...saving a checkpoint at iter:  1792000
Iteration  1794000 :    Loss-adversarial =   0.4398
...saving a checkpoint at iter:  1794000
Iteration  1796000 :    Loss-adversarial =   0.4633
...saving a checkpoint at iter:  1796000
Iteration  1798000 :    Loss-adversarial =   0.4581
...saving a checkpoint at iter:  1798000
Iteration  1800000 :    Loss-adversarial =   0.4696
...saving a checkpoint at iter:  1800000
Iteration  1802000 :    Loss-adversarial =   0.6568
...saving a checkpoint at iter:  1802000
Iteration  1804000 :    Loss-adversarial =   0.5297
...saving a checkpoint at iter:  1804000
Iteration  1806000 :    Loss-adversarial =   0.6493
...saving a checkpoint at iter:  1806000
Iteration  1808000 :    Loss-adversarial =   0.5213
...saving a checkpoint at iter:  1808000
Iteration  1810000 :    Loss-adversarial =   0.4444
...saving a checkpoint at iter:  1810000
Iteration  1812000 :    Loss-adversarial =   0.5418
...saving a checkpoint at iter:  1812000
Iteration  1814000 :    Loss-adversarial =   0.4999
...saving a checkpoint at iter:  1814000
Iteration  1816000 :    Loss-adversarial =   0.4951
...saving a checkpoint at iter:  1816000
Iteration  1818000 :    Loss-adversarial =   0.4715
...saving a checkpoint at iter:  1818000
Iteration  1820000 :    Loss-adversarial =   0.4352
...saving a checkpoint at iter:  1820000
Iteration  1822000 :    Loss-adversarial =   0.4479
...saving a checkpoint at iter:  1822000
Iteration  1824000 :    Loss-adversarial =   0.4526
...saving a checkpoint at iter:  1824000
Iteration  1826000 :    Loss-adversarial =   0.4712
...saving a checkpoint at iter:  1826000
Iteration  1828000 :    Loss-adversarial =   0.5396
...saving a checkpoint at iter:  1828000
Iteration  1830000 :    Loss-adversarial =   0.5579
...saving a checkpoint at iter:  1830000
Iteration  1832000 :    Loss-adversarial =   0.4486
...saving a checkpoint at iter:  1832000
Iteration  1834000 :    Loss-adversarial =   0.4591
...saving a checkpoint at iter:  1834000
Iteration  1836000 :    Loss-adversarial =   0.5141
...saving a checkpoint at iter:  1836000
Iteration  1838000 :    Loss-adversarial =   0.5019
...saving a checkpoint at iter:  1838000
Iteration  1840000 :    Loss-adversarial =   0.4967
...saving a checkpoint at iter:  1840000
Iteration  1842000 :    Loss-adversarial =   0.5138
...saving a checkpoint at iter:  1842000
Iteration  1844000 :    Loss-adversarial =   0.4898
...saving a checkpoint at iter:  1844000
Iteration  1846000 :    Loss-adversarial =   0.4592
...saving a checkpoint at iter:  1846000
Iteration  1848000 :    Loss-adversarial =   0.4559
...saving a checkpoint at iter:  1848000
Iteration  1850000 :    Loss-adversarial =   0.5189
...saving a checkpoint at iter:  1850000
Iteration  1852000 :    Loss-adversarial =   0.5282
...saving a checkpoint at iter:  1852000
Iteration  1854000 :    Loss-adversarial =   0.5611
...saving a checkpoint at iter:  1854000
Iteration  1856000 :    Loss-adversarial =   0.4344
...saving a checkpoint at iter:  1856000
Iteration  1858000 :    Loss-adversarial =   0.5246
...saving a checkpoint at iter:  1858000
Iteration  1860000 :    Loss-adversarial =   0.5537
...saving a checkpoint at iter:  1860000
Iteration  1862000 :    Loss-adversarial =   0.4845
...saving a checkpoint at iter:  1862000
Iteration  1864000 :    Loss-adversarial =   0.5159
...saving a checkpoint at iter:  1864000
Iteration  1866000 :    Loss-adversarial =   0.5236
...saving a checkpoint at iter:  1866000
Iteration  1868000 :    Loss-adversarial =   0.4453
...saving a checkpoint at iter:  1868000
Iteration  1870000 :    Loss-adversarial =   0.5368
...saving a checkpoint at iter:  1870000
Iteration  1872000 :    Loss-adversarial =   0.5387
...saving a checkpoint at iter:  1872000
Iteration  1874000 :    Loss-adversarial =   0.4809
...saving a checkpoint at iter:  1874000
Iteration  1876000 :    Loss-adversarial =   0.4756
...saving a checkpoint at iter:  1876000
Iteration  1878000 :    Loss-adversarial =   0.5561
...saving a checkpoint at iter:  1878000
Iteration  1880000 :    Loss-adversarial =   0.4636
...saving a checkpoint at iter:  1880000
Iteration  1882000 :    Loss-adversarial =   0.5268
...saving a checkpoint at iter:  1882000
Iteration  1884000 :    Loss-adversarial =   0.3769
...saving a checkpoint at iter:  1884000
Iteration  1886000 :    Loss-adversarial =   0.5359
...saving a checkpoint at iter:  1886000
Iteration  1888000 :    Loss-adversarial =   0.4438
...saving a checkpoint at iter:  1888000
Iteration  1890000 :    Loss-adversarial =   0.4585
...saving a checkpoint at iter:  1890000
Iteration  1892000 :    Loss-adversarial =   0.5210
...saving a checkpoint at iter:  1892000
Iteration  1894000 :    Loss-adversarial =   0.4781
...saving a checkpoint at iter:  1894000
Iteration  1896000 :    Loss-adversarial =   0.4747
...saving a checkpoint at iter:  1896000
Iteration  1898000 :    Loss-adversarial =   0.5267
...saving a checkpoint at iter:  1898000
Iteration  1900000 :    Loss-adversarial =   0.4960
...saving a checkpoint at iter:  1900000
Iteration  1902000 :    Loss-adversarial =   0.5224
...saving a checkpoint at iter:  1902000
Iteration  1904000 :    Loss-adversarial =   0.4777
...saving a checkpoint at iter:  1904000
Iteration  1906000 :    Loss-adversarial =   0.4574
...saving a checkpoint at iter:  1906000
Iteration  1908000 :    Loss-adversarial =   0.5499
...saving a checkpoint at iter:  1908000
Iteration  1910000 :    Loss-adversarial =   0.5266
...saving a checkpoint at iter:  1910000
Iteration  1912000 :    Loss-adversarial =   0.5512
...saving a checkpoint at iter:  1912000
Iteration  1914000 :    Loss-adversarial =   0.5123
...saving a checkpoint at iter:  1914000
Iteration  1916000 :    Loss-adversarial =   0.4778
...saving a checkpoint at iter:  1916000
Iteration  1918000 :    Loss-adversarial =   0.4728
...saving a checkpoint at iter:  1918000
Iteration  1920000 :    Loss-adversarial =   0.5524
...saving a checkpoint at iter:  1920000
Iteration  1922000 :    Loss-adversarial =   0.4639
...saving a checkpoint at iter:  1922000
Iteration  1924000 :    Loss-adversarial =   0.4708
...saving a checkpoint at iter:  1924000
Iteration  1926000 :    Loss-adversarial =   0.4504
...saving a checkpoint at iter:  1926000
Iteration  1928000 :    Loss-adversarial =   0.4442
...saving a checkpoint at iter:  1928000
Iteration  1930000 :    Loss-adversarial =   0.5122
...saving a checkpoint at iter:  1930000
Iteration  1932000 :    Loss-adversarial =   0.5429
...saving a checkpoint at iter:  1932000
Iteration  1934000 :    Loss-adversarial =   0.4897
...saving a checkpoint at iter:  1934000
Iteration  1936000 :    Loss-adversarial =   0.4781
...saving a checkpoint at iter:  1936000
Iteration  1938000 :    Loss-adversarial =   0.4603
...saving a checkpoint at iter:  1938000
Iteration  1940000 :    Loss-adversarial =   0.5110
...saving a checkpoint at iter:  1940000
Iteration  1942000 :    Loss-adversarial =   0.4986
...saving a checkpoint at iter:  1942000
Iteration  1944000 :    Loss-adversarial =   0.4752
...saving a checkpoint at iter:  1944000
Iteration  1946000 :    Loss-adversarial =   0.5208
...saving a checkpoint at iter:  1946000
Iteration  1948000 :    Loss-adversarial =   0.4414
...saving a checkpoint at iter:  1948000
Iteration  1950000 :    Loss-adversarial =   0.4242
...saving a checkpoint at iter:  1950000
Iteration  1952000 :    Loss-adversarial =   0.4595
...saving a checkpoint at iter:  1952000
Iteration  1954000 :    Loss-adversarial =   0.5188
...saving a checkpoint at iter:  1954000
Iteration  1956000 :    Loss-adversarial =   0.4766
...saving a checkpoint at iter:  1956000
Iteration  1958000 :    Loss-adversarial =   0.4511
...saving a checkpoint at iter:  1958000
Iteration  1960000 :    Loss-adversarial =   0.5569
...saving a checkpoint at iter:  1960000
Iteration  1962000 :    Loss-adversarial =   0.4774
...saving a checkpoint at iter:  1962000
Iteration  1964000 :    Loss-adversarial =   0.5352
...saving a checkpoint at iter:  1964000
Iteration  1966000 :    Loss-adversarial =   0.5051
...saving a checkpoint at iter:  1966000
Iteration  1968000 :    Loss-adversarial =   0.4767
...saving a checkpoint at iter:  1968000
Iteration  1970000 :    Loss-adversarial =   0.4940
...saving a checkpoint at iter:  1970000
Iteration  1972000 :    Loss-adversarial =   0.4737
...saving a checkpoint at iter:  1972000
Iteration  1974000 :    Loss-adversarial =   0.4904
...saving a checkpoint at iter:  1974000
Iteration  1976000 :    Loss-adversarial =   0.4958
...saving a checkpoint at iter:  1976000
Iteration  1978000 :    Loss-adversarial =   0.5846
...saving a checkpoint at iter:  1978000
Iteration  1980000 :    Loss-adversarial =   0.6599
...saving a checkpoint at iter:  1980000
Iteration  1982000 :    Loss-adversarial =   0.3975
...saving a checkpoint at iter:  1982000
Iteration  1984000 :    Loss-adversarial =   0.4551
...saving a checkpoint at iter:  1984000
Iteration  1986000 :    Loss-adversarial =   0.4201
...saving a checkpoint at iter:  1986000
Iteration  1988000 :    Loss-adversarial =   0.4677
...saving a checkpoint at iter:  1988000
Iteration  1990000 :    Loss-adversarial =   0.4091
...saving a checkpoint at iter:  1990000
Iteration  1992000 :    Loss-adversarial =   0.5117
...saving a checkpoint at iter:  1992000
Iteration  1994000 :    Loss-adversarial =   0.4619
...saving a checkpoint at iter:  1994000
Iteration  1996000 :    Loss-adversarial =   0.5005
...saving a checkpoint at iter:  1996000
Iteration  1998000 :    Loss-adversarial =   0.5337
...saving a checkpoint at iter:  1998000
Iteration  2000000 :    Loss-adversarial =   0.4573
...saving a checkpoint at iter:  2000000
Iteration  2002000 :    Loss-adversarial =   0.4443
...saving a checkpoint at iter:  2002000
Iteration  2004000 :    Loss-adversarial =   0.5032
...saving a checkpoint at iter:  2004000
Iteration  2006000 :    Loss-adversarial =   0.5220
...saving a checkpoint at iter:  2006000
Iteration  2008000 :    Loss-adversarial =   0.4776
...saving a checkpoint at iter:  2008000
Iteration  2010000 :    Loss-adversarial =   0.3931
...saving a checkpoint at iter:  2010000
Iteration  2012000 :    Loss-adversarial =   0.5543
...saving a checkpoint at iter:  2012000
Iteration  2014000 :    Loss-adversarial =   0.4296
...saving a checkpoint at iter:  2014000
Iteration  2016000 :    Loss-adversarial =   0.4816
...saving a checkpoint at iter:  2016000
Iteration  2018000 :    Loss-adversarial =   0.4972
...saving a checkpoint at iter:  2018000
Iteration  2020000 :    Loss-adversarial =   0.4390
...saving a checkpoint at iter:  2020000
Iteration  2022000 :    Loss-adversarial =   0.4502
...saving a checkpoint at iter:  2022000
Iteration  2024000 :    Loss-adversarial =   0.5009
...saving a checkpoint at iter:  2024000
Iteration  2026000 :    Loss-adversarial =   0.5157
...saving a checkpoint at iter:  2026000
Iteration  2028000 :    Loss-adversarial =   0.4366
...saving a checkpoint at iter:  2028000
Iteration  2030000 :    Loss-adversarial =   0.4694
...saving a checkpoint at iter:  2030000
Iteration  2032000 :    Loss-adversarial =   0.4814
...saving a checkpoint at iter:  2032000
Iteration  2034000 :    Loss-adversarial =   0.4463
...saving a checkpoint at iter:  2034000
Iteration  2036000 :    Loss-adversarial =   0.5013
...saving a checkpoint at iter:  2036000
Iteration  2038000 :    Loss-adversarial =   0.5122
...saving a checkpoint at iter:  2038000
Iteration  2040000 :    Loss-adversarial =   0.5355
...saving a checkpoint at iter:  2040000
Iteration  2042000 :    Loss-adversarial =   0.4576
...saving a checkpoint at iter:  2042000
Iteration  2044000 :    Loss-adversarial =   0.5645
...saving a checkpoint at iter:  2044000
Iteration  2046000 :    Loss-adversarial =   0.5154
...saving a checkpoint at iter:  2046000
Iteration  2048000 :    Loss-adversarial =   0.4932
...saving a checkpoint at iter:  2048000
Iteration  2050000 :    Loss-adversarial =   0.4214
...saving a checkpoint at iter:  2050000
Iteration  2052000 :    Loss-adversarial =   0.5431
...saving a checkpoint at iter:  2052000
Iteration  2054000 :    Loss-adversarial =   0.5119
...saving a checkpoint at iter:  2054000
Iteration  2056000 :    Loss-adversarial =   0.4752
...saving a checkpoint at iter:  2056000
Iteration  2058000 :    Loss-adversarial =   0.4970
...saving a checkpoint at iter:  2058000
Iteration  2060000 :    Loss-adversarial =   0.5506
...saving a checkpoint at iter:  2060000
Iteration  2062000 :    Loss-adversarial =   0.4505
...saving a checkpoint at iter:  2062000
Iteration  2064000 :    Loss-adversarial =   0.4911
...saving a checkpoint at iter:  2064000
Iteration  2066000 :    Loss-adversarial =   0.5194
...saving a checkpoint at iter:  2066000
Iteration  2068000 :    Loss-adversarial =   0.4904
...saving a checkpoint at iter:  2068000
Iteration  2070000 :    Loss-adversarial =   0.4108
...saving a checkpoint at iter:  2070000
Iteration  2072000 :    Loss-adversarial =   0.4605
...saving a checkpoint at iter:  2072000
Iteration  2074000 :    Loss-adversarial =   0.4291
...saving a checkpoint at iter:  2074000
Iteration  2076000 :    Loss-adversarial =   0.5435
...saving a checkpoint at iter:  2076000
Iteration  2078000 :    Loss-adversarial =   0.4685
...saving a checkpoint at iter:  2078000
Iteration  2080000 :    Loss-adversarial =   0.4229
...saving a checkpoint at iter:  2080000
Iteration  2082000 :    Loss-adversarial =   0.4789
...saving a checkpoint at iter:  2082000
Iteration  2084000 :    Loss-adversarial =   0.5850
...saving a checkpoint at iter:  2084000
Iteration  2086000 :    Loss-adversarial =   0.5489
...saving a checkpoint at iter:  2086000
Iteration  2088000 :    Loss-adversarial =   0.5414
...saving a checkpoint at iter:  2088000
Iteration  2090000 :    Loss-adversarial =   0.4471
...saving a checkpoint at iter:  2090000
Iteration  2092000 :    Loss-adversarial =   0.5007
...saving a checkpoint at iter:  2092000
Iteration  2094000 :    Loss-adversarial =   0.5582
...saving a checkpoint at iter:  2094000
Iteration  2096000 :    Loss-adversarial =   0.4317
...saving a checkpoint at iter:  2096000
Iteration  2098000 :    Loss-adversarial =   0.4805
...saving a checkpoint at iter:  2098000
Iteration  2100000 :    Loss-adversarial =   0.4790
...saving a checkpoint at iter:  2100000
Iteration  2102000 :    Loss-adversarial =   0.5053
...saving a checkpoint at iter:  2102000
Iteration  2104000 :    Loss-adversarial =   0.4739
...saving a checkpoint at iter:  2104000
Iteration  2106000 :    Loss-adversarial =   0.5156
...saving a checkpoint at iter:  2106000
Iteration  2108000 :    Loss-adversarial =   0.4728
...saving a checkpoint at iter:  2108000
Iteration  2110000 :    Loss-adversarial =   0.4644
...saving a checkpoint at iter:  2110000
Iteration  2112000 :    Loss-adversarial =   0.4899
...saving a checkpoint at iter:  2112000
Iteration  2114000 :    Loss-adversarial =   0.4607
...saving a checkpoint at iter:  2114000
Iteration  2116000 :    Loss-adversarial =   0.5291
...saving a checkpoint at iter:  2116000
Iteration  2118000 :    Loss-adversarial =   0.5363
...saving a checkpoint at iter:  2118000
Iteration  2120000 :    Loss-adversarial =   0.3864
...saving a checkpoint at iter:  2120000
Iteration  2122000 :    Loss-adversarial =   0.4292
...saving a checkpoint at iter:  2122000
Iteration  2124000 :    Loss-adversarial =   0.4849
...saving a checkpoint at iter:  2124000
Iteration  2126000 :    Loss-adversarial =   0.4753
...saving a checkpoint at iter:  2126000
Iteration  2128000 :    Loss-adversarial =   0.5349
...saving a checkpoint at iter:  2128000
Iteration  2130000 :    Loss-adversarial =   0.4361
...saving a checkpoint at iter:  2130000
Iteration  2132000 :    Loss-adversarial =   0.4568
...saving a checkpoint at iter:  2132000
Iteration  2134000 :    Loss-adversarial =   0.4762
...saving a checkpoint at iter:  2134000
Iteration  2136000 :    Loss-adversarial =   0.4597
...saving a checkpoint at iter:  2136000
Iteration  2138000 :    Loss-adversarial =   0.4867
...saving a checkpoint at iter:  2138000
Iteration  2140000 :    Loss-adversarial =   0.5440
...saving a checkpoint at iter:  2140000
Iteration  2142000 :    Loss-adversarial =   0.4818
...saving a checkpoint at iter:  2142000
Iteration  2144000 :    Loss-adversarial =   0.5161
...saving a checkpoint at iter:  2144000
Iteration  2146000 :    Loss-adversarial =   0.4178
...saving a checkpoint at iter:  2146000
Iteration  2148000 :    Loss-adversarial =   0.4081
...saving a checkpoint at iter:  2148000
Iteration  2150000 :    Loss-adversarial =   0.5382
...saving a checkpoint at iter:  2150000
Iteration  2152000 :    Loss-adversarial =   0.5640
...saving a checkpoint at iter:  2152000
Iteration  2154000 :    Loss-adversarial =   0.5127
...saving a checkpoint at iter:  2154000
Iteration  2156000 :    Loss-adversarial =   0.3884
...saving a checkpoint at iter:  2156000
Iteration  2158000 :    Loss-adversarial =   0.5638
...saving a checkpoint at iter:  2158000
Iteration  2160000 :    Loss-adversarial =   0.5405
...saving a checkpoint at iter:  2160000
Iteration  2162000 :    Loss-adversarial =   0.4346
...saving a checkpoint at iter:  2162000
Iteration  2164000 :    Loss-adversarial =   0.4744
...saving a checkpoint at iter:  2164000
Iteration  2166000 :    Loss-adversarial =   0.4430
...saving a checkpoint at iter:  2166000
Iteration  2168000 :    Loss-adversarial =   0.4043
...saving a checkpoint at iter:  2168000
Iteration  2170000 :    Loss-adversarial =   0.4420
...saving a checkpoint at iter:  2170000
Iteration  2172000 :    Loss-adversarial =   0.4406
...saving a checkpoint at iter:  2172000
Iteration  2174000 :    Loss-adversarial =   0.4591
...saving a checkpoint at iter:  2174000
Iteration  2176000 :    Loss-adversarial =   0.4794
...saving a checkpoint at iter:  2176000
Iteration  2178000 :    Loss-adversarial =   0.4212
...saving a checkpoint at iter:  2178000
Iteration  2180000 :    Loss-adversarial =   0.4128
...saving a checkpoint at iter:  2180000
Iteration  2182000 :    Loss-adversarial =   0.4011
...saving a checkpoint at iter:  2182000
Iteration  2184000 :    Loss-adversarial =   0.4608
...saving a checkpoint at iter:  2184000
Iteration  2186000 :    Loss-adversarial =   0.4447
...saving a checkpoint at iter:  2186000
Iteration  2188000 :    Loss-adversarial =   0.4449
...saving a checkpoint at iter:  2188000
Iteration  2190000 :    Loss-adversarial =   0.5198
...saving a checkpoint at iter:  2190000
Iteration  2192000 :    Loss-adversarial =   0.4347
...saving a checkpoint at iter:  2192000
Iteration  2194000 :    Loss-adversarial =   0.4876
...saving a checkpoint at iter:  2194000
Iteration  2196000 :    Loss-adversarial =   0.4371
...saving a checkpoint at iter:  2196000
Iteration  2198000 :    Loss-adversarial =   0.3744
...saving a checkpoint at iter:  2198000
Iteration  2200000 :    Loss-adversarial =   0.4780
...saving a checkpoint at iter:  2200000
Iteration  2202000 :    Loss-adversarial =   0.5762
...saving a checkpoint at iter:  2202000
Iteration  2204000 :    Loss-adversarial =   0.4731
...saving a checkpoint at iter:  2204000
Iteration  2206000 :    Loss-adversarial =   0.5399
...saving a checkpoint at iter:  2206000
Iteration  2208000 :    Loss-adversarial =   0.5092
...saving a checkpoint at iter:  2208000
Iteration  2210000 :    Loss-adversarial =   0.5898
...saving a checkpoint at iter:  2210000
Iteration  2212000 :    Loss-adversarial =   0.4619
...saving a checkpoint at iter:  2212000
Iteration  2214000 :    Loss-adversarial =   0.5832
...saving a checkpoint at iter:  2214000
Iteration  2216000 :    Loss-adversarial =   0.5260
...saving a checkpoint at iter:  2216000
Iteration  2218000 :    Loss-adversarial =   0.4304
...saving a checkpoint at iter:  2218000
Iteration  2220000 :    Loss-adversarial =   0.3993
...saving a checkpoint at iter:  2220000
Iteration  2222000 :    Loss-adversarial =   0.4858
...saving a checkpoint at iter:  2222000
Iteration  2224000 :    Loss-adversarial =   0.5182
...saving a checkpoint at iter:  2224000
Iteration  2226000 :    Loss-adversarial =   0.4569
...saving a checkpoint at iter:  2226000
Iteration  2228000 :    Loss-adversarial =   0.5142
...saving a checkpoint at iter:  2228000
Iteration  2230000 :    Loss-adversarial =   0.4525
...saving a checkpoint at iter:  2230000
Iteration  2232000 :    Loss-adversarial =   0.4621
...saving a checkpoint at iter:  2232000
Iteration  2234000 :    Loss-adversarial =   0.4688
...saving a checkpoint at iter:  2234000
Iteration  2236000 :    Loss-adversarial =   0.4754
...saving a checkpoint at iter:  2236000
Iteration  2238000 :    Loss-adversarial =   0.4978
...saving a checkpoint at iter:  2238000
Iteration  2240000 :    Loss-adversarial =   0.4228
...saving a checkpoint at iter:  2240000
Iteration  2242000 :    Loss-adversarial =   0.4316
...saving a checkpoint at iter:  2242000
Iteration  2244000 :    Loss-adversarial =   0.4870
...saving a checkpoint at iter:  2244000
Iteration  2246000 :    Loss-adversarial =   0.3894
...saving a checkpoint at iter:  2246000
Iteration  2248000 :    Loss-adversarial =   0.4091
...saving a checkpoint at iter:  2248000
Iteration  2250000 :    Loss-adversarial =   0.5335
...saving a checkpoint at iter:  2250000
Iteration  2252000 :    Loss-adversarial =   0.4475
...saving a checkpoint at iter:  2252000
Iteration  2254000 :    Loss-adversarial =   0.5152
...saving a checkpoint at iter:  2254000
Iteration  2256000 :    Loss-adversarial =   0.4822
...saving a checkpoint at iter:  2256000
Iteration  2258000 :    Loss-adversarial =   0.4485
...saving a checkpoint at iter:  2258000
Iteration  2260000 :    Loss-adversarial =   0.4390
...saving a checkpoint at iter:  2260000
Iteration  2262000 :    Loss-adversarial =   0.4022
...saving a checkpoint at iter:  2262000
Iteration  2264000 :    Loss-adversarial =   0.4460
...saving a checkpoint at iter:  2264000
Iteration  2266000 :    Loss-adversarial =   0.4859
...saving a checkpoint at iter:  2266000
Iteration  2268000 :    Loss-adversarial =   0.4642
...saving a checkpoint at iter:  2268000
Iteration  2270000 :    Loss-adversarial =   0.5002
...saving a checkpoint at iter:  2270000
Iteration  2272000 :    Loss-adversarial =   0.4706
...saving a checkpoint at iter:  2272000
Iteration  2274000 :    Loss-adversarial =   0.4232
...saving a checkpoint at iter:  2274000
Iteration  2276000 :    Loss-adversarial =   0.4278
...saving a checkpoint at iter:  2276000
Iteration  2278000 :    Loss-adversarial =   0.5623
...saving a checkpoint at iter:  2278000
Iteration  2280000 :    Loss-adversarial =   0.4216
...saving a checkpoint at iter:  2280000
Iteration  2282000 :    Loss-adversarial =   0.4980
...saving a checkpoint at iter:  2282000
Iteration  2284000 :    Loss-adversarial =   0.4843
...saving a checkpoint at iter:  2284000
Iteration  2286000 :    Loss-adversarial =   0.5430
...saving a checkpoint at iter:  2286000
Iteration  2288000 :    Loss-adversarial =   0.4186
...saving a checkpoint at iter:  2288000
Iteration  2290000 :    Loss-adversarial =   0.4955
...saving a checkpoint at iter:  2290000
Iteration  2292000 :    Loss-adversarial =   0.4396
...saving a checkpoint at iter:  2292000
Iteration  2294000 :    Loss-adversarial =   0.5005
...saving a checkpoint at iter:  2294000
Iteration  2296000 :    Loss-adversarial =   0.4116
...saving a checkpoint at iter:  2296000
Iteration  2298000 :    Loss-adversarial =   0.4396
...saving a checkpoint at iter:  2298000
Iteration  2300000 :    Loss-adversarial =   0.3917
...saving a checkpoint at iter:  2300000
Iteration  2302000 :    Loss-adversarial =   0.4489
...saving a checkpoint at iter:  2302000
Iteration  2304000 :    Loss-adversarial =   0.4873
...saving a checkpoint at iter:  2304000
