--------------------------------
Fitting linear model at n=500, s=1, and wdim=10.
Setting Pi optimizer learning rate to 0.001
Setting T optimizer learning rate to 0.001
Iteration       0 :    Loss-adversarial =   0.3087
...saving a checkpoint at iter:  0
Iteration    2000 :    Loss-adversarial =   0.2622
...saving a checkpoint at iter:  2000
Iteration    4000 :    Loss-adversarial =   0.2939
...saving a checkpoint at iter:  4000
Iteration    6000 :    Loss-adversarial =  51.9048
...saving a checkpoint at iter:  6000
Iteration    8000 :    Loss-adversarial =  42.3507
...saving a checkpoint at iter:  8000
Iteration   10000 :    Loss-adversarial =  47.2262
...saving a checkpoint at iter:  10000
Iteration   12000 :    Loss-adversarial =  49.7491
...saving a checkpoint at iter:  12000
Iteration   14000 :    Loss-adversarial =  51.4819
...saving a checkpoint at iter:  14000
Iteration   16000 :    Loss-adversarial =  40.4787
...saving a checkpoint at iter:  16000
Iteration   18000 :    Loss-adversarial =  45.9275
...saving a checkpoint at iter:  18000
Iteration   20000 :    Loss-adversarial =  45.4518
...saving a checkpoint at iter:  20000
Iteration   22000 :    Loss-adversarial =  39.7630
...saving a checkpoint at iter:  22000
Iteration   24000 :    Loss-adversarial =  41.6262
...saving a checkpoint at iter:  24000
Iteration   26000 :    Loss-adversarial =  35.1394
...saving a checkpoint at iter:  26000
Iteration   28000 :    Loss-adversarial =   0.5548
...saving a checkpoint at iter:  28000
Iteration   30000 :    Loss-adversarial =   0.1705
...saving a checkpoint at iter:  30000
Iteration   32000 :    Loss-adversarial =   0.7150
...saving a checkpoint at iter:  32000
Iteration   34000 :    Loss-adversarial =   0.2245
...saving a checkpoint at iter:  34000
Iteration   36000 :    Loss-adversarial =   0.0554
...saving a checkpoint at iter:  36000
Iteration   38000 :    Loss-adversarial =   0.0456
...saving a checkpoint at iter:  38000
Iteration   40000 :    Loss-adversarial =   0.0994
...saving a checkpoint at iter:  40000
Iteration   42000 :    Loss-adversarial =   0.0564
...saving a checkpoint at iter:  42000
Iteration   44000 :    Loss-adversarial =   0.0868
...saving a checkpoint at iter:  44000
Iteration   46000 :    Loss-adversarial =   0.0206
...saving a checkpoint at iter:  46000
Iteration   48000 :    Loss-adversarial =   0.0121
...saving a checkpoint at iter:  48000
Iteration   50000 :    Loss-adversarial =   0.0708
...saving a checkpoint at iter:  50000
Iteration   52000 :    Loss-adversarial =   0.7405
...saving a checkpoint at iter:  52000
Iteration   54000 :    Loss-adversarial =   0.0401
...saving a checkpoint at iter:  54000
Iteration   56000 :    Loss-adversarial =   0.2460
...saving a checkpoint at iter:  56000
Iteration   58000 :    Loss-adversarial =   0.0266
...saving a checkpoint at iter:  58000
Iteration   60000 :    Loss-adversarial =   0.0197
...saving a checkpoint at iter:  60000
Iteration   62000 :    Loss-adversarial =   0.0151
...saving a checkpoint at iter:  62000
Iteration   64000 :    Loss-adversarial =   0.0167
...saving a checkpoint at iter:  64000
Iteration   66000 :    Loss-adversarial =   0.0147
...saving a checkpoint at iter:  66000
Iteration   68000 :    Loss-adversarial =   0.0305
...saving a checkpoint at iter:  68000
Iteration   70000 :    Loss-adversarial =   0.0107
...saving a checkpoint at iter:  70000
Iteration   72000 :    Loss-adversarial =   0.0145
...saving a checkpoint at iter:  72000
Iteration   74000 :    Loss-adversarial =   0.0393
...saving a checkpoint at iter:  74000
Iteration   76000 :    Loss-adversarial =   0.0426
...saving a checkpoint at iter:  76000
Iteration   78000 :    Loss-adversarial =   0.0271
...saving a checkpoint at iter:  78000
Iteration   80000 :    Loss-adversarial =   0.0317
...saving a checkpoint at iter:  80000
Iteration   82000 :    Loss-adversarial =   0.0119
...saving a checkpoint at iter:  82000
Iteration   84000 :    Loss-adversarial =   0.1081
...saving a checkpoint at iter:  84000
Iteration   86000 :    Loss-adversarial =   0.0327
...saving a checkpoint at iter:  86000
Iteration   88000 :    Loss-adversarial =   0.0224
...saving a checkpoint at iter:  88000
Iteration   90000 :    Loss-adversarial =   0.0083
...saving a checkpoint at iter:  90000
Iteration   92000 :    Loss-adversarial =   0.0203
...saving a checkpoint at iter:  92000
Iteration   94000 :    Loss-adversarial =   0.0149
...saving a checkpoint at iter:  94000
Iteration   96000 :    Loss-adversarial =   0.0105
...saving a checkpoint at iter:  96000
Iteration   98000 :    Loss-adversarial =   0.0152
...saving a checkpoint at iter:  98000
Iteration  100000 :    Loss-adversarial =   0.0099
...saving a checkpoint at iter:  100000
Iteration  102000 :    Loss-adversarial =   0.0376
...saving a checkpoint at iter:  102000
Iteration  104000 :    Loss-adversarial =   0.0121
...saving a checkpoint at iter:  104000
Iteration  106000 :    Loss-adversarial =   0.0210
...saving a checkpoint at iter:  106000
Iteration  108000 :    Loss-adversarial =   0.0092
...saving a checkpoint at iter:  108000
Iteration  110000 :    Loss-adversarial =   0.0754
...saving a checkpoint at iter:  110000
Iteration  112000 :    Loss-adversarial =   0.0448
...saving a checkpoint at iter:  112000
Iteration  114000 :    Loss-adversarial =   0.0091
...saving a checkpoint at iter:  114000
Iteration  116000 :    Loss-adversarial =   0.0187
...saving a checkpoint at iter:  116000
Iteration  118000 :    Loss-adversarial =   0.0095
...saving a checkpoint at iter:  118000
Iteration  120000 :    Loss-adversarial =   0.0257
...saving a checkpoint at iter:  120000
Iteration  122000 :    Loss-adversarial =   0.0140
...saving a checkpoint at iter:  122000
Iteration  124000 :    Loss-adversarial =   0.0121
...saving a checkpoint at iter:  124000
Iteration  126000 :    Loss-adversarial =   0.0226
...saving a checkpoint at iter:  126000
Iteration  128000 :    Loss-adversarial =   0.0276
...saving a checkpoint at iter:  128000
Iteration  130000 :    Loss-adversarial =   0.0163
...saving a checkpoint at iter:  130000
Iteration  132000 :    Loss-adversarial =   0.0172
...saving a checkpoint at iter:  132000
Iteration  134000 :    Loss-adversarial =   0.0102
...saving a checkpoint at iter:  134000
Iteration  136000 :    Loss-adversarial =   0.0144
...saving a checkpoint at iter:  136000
Iteration  138000 :    Loss-adversarial =   0.0106
...saving a checkpoint at iter:  138000
Iteration  140000 :    Loss-adversarial =   0.0075
...saving a checkpoint at iter:  140000
Iteration  142000 :    Loss-adversarial =   0.0109
...saving a checkpoint at iter:  142000
Iteration  144000 :    Loss-adversarial =   0.0204
...saving a checkpoint at iter:  144000
Iteration  146000 :    Loss-adversarial =   0.0233
...saving a checkpoint at iter:  146000
Iteration  148000 :    Loss-adversarial =   0.0078
...saving a checkpoint at iter:  148000
Iteration  150000 :    Loss-adversarial =   0.0107
...saving a checkpoint at iter:  150000
Iteration  152000 :    Loss-adversarial =   0.0216
...saving a checkpoint at iter:  152000
Iteration  154000 :    Loss-adversarial =   0.0102
...saving a checkpoint at iter:  154000
Iteration  156000 :    Loss-adversarial =   0.0110
...saving a checkpoint at iter:  156000
Iteration  158000 :    Loss-adversarial =   0.0127
...saving a checkpoint at iter:  158000
Iteration  160000 :    Loss-adversarial =   0.0133
...saving a checkpoint at iter:  160000
Iteration  162000 :    Loss-adversarial =   0.0098
...saving a checkpoint at iter:  162000
Iteration  164000 :    Loss-adversarial =   0.0328
...saving a checkpoint at iter:  164000
Iteration  166000 :    Loss-adversarial =   0.0241
...saving a checkpoint at iter:  166000
Iteration  168000 :    Loss-adversarial =   0.0202
...saving a checkpoint at iter:  168000
Iteration  170000 :    Loss-adversarial =   0.0088
...saving a checkpoint at iter:  170000
Iteration  172000 :    Loss-adversarial =   0.0066
...saving a checkpoint at iter:  172000
Iteration  174000 :    Loss-adversarial =   0.0090
...saving a checkpoint at iter:  174000
Iteration  176000 :    Loss-adversarial =   0.0149
...saving a checkpoint at iter:  176000
Iteration  178000 :    Loss-adversarial =   0.0408
...saving a checkpoint at iter:  178000
Iteration  180000 :    Loss-adversarial =   0.0178
...saving a checkpoint at iter:  180000
Iteration  182000 :    Loss-adversarial =   0.0130
...saving a checkpoint at iter:  182000
Iteration  184000 :    Loss-adversarial =   0.0100
...saving a checkpoint at iter:  184000
Iteration  186000 :    Loss-adversarial =   0.0215
...saving a checkpoint at iter:  186000
Iteration  188000 :    Loss-adversarial =   0.0069
...saving a checkpoint at iter:  188000
Iteration  190000 :    Loss-adversarial =   0.0076
...saving a checkpoint at iter:  190000
Iteration  192000 :    Loss-adversarial =   0.0116
...saving a checkpoint at iter:  192000
Iteration  194000 :    Loss-adversarial =   0.0077
...saving a checkpoint at iter:  194000
Iteration  196000 :    Loss-adversarial =   0.0113
...saving a checkpoint at iter:  196000
Iteration  198000 :    Loss-adversarial =   0.0074
...saving a checkpoint at iter:  198000
Iteration  200000 :    Loss-adversarial =   0.0083
...saving a checkpoint at iter:  200000
Iteration  202000 :    Loss-adversarial =   0.0219
...saving a checkpoint at iter:  202000
Iteration  204000 :    Loss-adversarial =   0.0093
...saving a checkpoint at iter:  204000
Iteration  206000 :    Loss-adversarial =   0.0077
...saving a checkpoint at iter:  206000
Iteration  208000 :    Loss-adversarial =   0.0089
...saving a checkpoint at iter:  208000
Iteration  210000 :    Loss-adversarial =   0.0082
...saving a checkpoint at iter:  210000
Iteration  212000 :    Loss-adversarial =   0.0091
...saving a checkpoint at iter:  212000
Iteration  214000 :    Loss-adversarial =   0.0069
...saving a checkpoint at iter:  214000
Iteration  216000 :    Loss-adversarial =   0.0109
...saving a checkpoint at iter:  216000
Iteration  218000 :    Loss-adversarial =   0.0102
...saving a checkpoint at iter:  218000
Iteration  220000 :    Loss-adversarial =   0.0099
...saving a checkpoint at iter:  220000
Iteration  222000 :    Loss-adversarial =   0.0102
...saving a checkpoint at iter:  222000
Iteration  224000 :    Loss-adversarial =   0.0116
...saving a checkpoint at iter:  224000
Iteration  226000 :    Loss-adversarial =   0.0229
...saving a checkpoint at iter:  226000
Iteration  228000 :    Loss-adversarial =   0.0092
...saving a checkpoint at iter:  228000
Iteration  230000 :    Loss-adversarial =   0.0122
...saving a checkpoint at iter:  230000
Iteration  232000 :    Loss-adversarial =   0.0267
...saving a checkpoint at iter:  232000
Iteration  234000 :    Loss-adversarial =   0.0110
...saving a checkpoint at iter:  234000
Iteration  236000 :    Loss-adversarial =   0.0187
...saving a checkpoint at iter:  236000
Iteration  238000 :    Loss-adversarial =   0.0166
...saving a checkpoint at iter:  238000
Iteration  240000 :    Loss-adversarial =   0.0109
...saving a checkpoint at iter:  240000
Iteration  242000 :    Loss-adversarial =   0.0206
...saving a checkpoint at iter:  242000
Iteration  244000 :    Loss-adversarial =   0.0096
...saving a checkpoint at iter:  244000
Iteration  246000 :    Loss-adversarial =   0.0076
...saving a checkpoint at iter:  246000
Iteration  248000 :    Loss-adversarial =   0.0176
...saving a checkpoint at iter:  248000
Iteration  250000 :    Loss-adversarial =   0.0205
...saving a checkpoint at iter:  250000
Iteration  252000 :    Loss-adversarial =   0.0150
...saving a checkpoint at iter:  252000
Iteration  254000 :    Loss-adversarial =   0.0097
...saving a checkpoint at iter:  254000
Iteration  256000 :    Loss-adversarial =   0.0088
...saving a checkpoint at iter:  256000
Iteration  258000 :    Loss-adversarial =   0.0139
...saving a checkpoint at iter:  258000
Iteration  260000 :    Loss-adversarial =   0.0090
...saving a checkpoint at iter:  260000
Iteration  262000 :    Loss-adversarial =   0.0530
...saving a checkpoint at iter:  262000
Iteration  264000 :    Loss-adversarial =   0.0152
...saving a checkpoint at iter:  264000
Iteration  266000 :    Loss-adversarial =   0.0144
...saving a checkpoint at iter:  266000
Iteration  268000 :    Loss-adversarial =   0.0156
...saving a checkpoint at iter:  268000
Iteration  270000 :    Loss-adversarial =   0.0073
...saving a checkpoint at iter:  270000
Iteration  272000 :    Loss-adversarial =   0.0118
...saving a checkpoint at iter:  272000
Iteration  274000 :    Loss-adversarial =   0.0118
...saving a checkpoint at iter:  274000
Iteration  276000 :    Loss-adversarial =   0.0102
...saving a checkpoint at iter:  276000
Iteration  278000 :    Loss-adversarial =   0.0075
...saving a checkpoint at iter:  278000
Iteration  280000 :    Loss-adversarial =   0.0210
...saving a checkpoint at iter:  280000
Iteration  282000 :    Loss-adversarial =   0.0071
...saving a checkpoint at iter:  282000
Iteration  284000 :    Loss-adversarial =   0.0114
...saving a checkpoint at iter:  284000
Iteration  286000 :    Loss-adversarial =   0.0154
...saving a checkpoint at iter:  286000
Iteration  288000 :    Loss-adversarial =   0.0129
...saving a checkpoint at iter:  288000
Iteration  290000 :    Loss-adversarial =   0.0110
...saving a checkpoint at iter:  290000
Iteration  292000 :    Loss-adversarial =   0.0064
...saving a checkpoint at iter:  292000
Iteration  294000 :    Loss-adversarial =   0.0116
...saving a checkpoint at iter:  294000
Iteration  296000 :    Loss-adversarial =   0.0129
...saving a checkpoint at iter:  296000
Iteration  298000 :    Loss-adversarial =   0.0128
...saving a checkpoint at iter:  298000
Iteration  300000 :    Loss-adversarial =   0.0070
...saving a checkpoint at iter:  300000
Iteration  302000 :    Loss-adversarial =   0.0092
...saving a checkpoint at iter:  302000
Iteration  304000 :    Loss-adversarial =   0.0126
...saving a checkpoint at iter:  304000
Iteration  306000 :    Loss-adversarial =   0.0072
...saving a checkpoint at iter:  306000
Iteration  308000 :    Loss-adversarial =   0.0088
...saving a checkpoint at iter:  308000
Iteration  310000 :    Loss-adversarial =   0.0090
...saving a checkpoint at iter:  310000
Iteration  312000 :    Loss-adversarial =   0.0102
...saving a checkpoint at iter:  312000
Iteration  314000 :    Loss-adversarial =   0.0127
...saving a checkpoint at iter:  314000
Iteration  316000 :    Loss-adversarial =   0.0113
...saving a checkpoint at iter:  316000
Iteration  318000 :    Loss-adversarial =   0.0095
...saving a checkpoint at iter:  318000
Iteration  320000 :    Loss-adversarial =   0.0102
...saving a checkpoint at iter:  320000
Iteration  322000 :    Loss-adversarial =   0.0106
...saving a checkpoint at iter:  322000
Iteration  324000 :    Loss-adversarial =   0.0076
...saving a checkpoint at iter:  324000
Iteration  326000 :    Loss-adversarial =   0.0105
...saving a checkpoint at iter:  326000
Iteration  328000 :    Loss-adversarial =   0.0089
...saving a checkpoint at iter:  328000
Iteration  330000 :    Loss-adversarial =   0.0112
...saving a checkpoint at iter:  330000
Iteration  332000 :    Loss-adversarial =   0.0125
...saving a checkpoint at iter:  332000
Iteration  334000 :    Loss-adversarial =   0.0101
...saving a checkpoint at iter:  334000
Iteration  336000 :    Loss-adversarial =   0.0124
...saving a checkpoint at iter:  336000
Iteration  338000 :    Loss-adversarial =   0.0084
...saving a checkpoint at iter:  338000
Iteration  340000 :    Loss-adversarial =   0.0073
...saving a checkpoint at iter:  340000
Iteration  342000 :    Loss-adversarial =   0.0071
...saving a checkpoint at iter:  342000
Iteration  344000 :    Loss-adversarial =   0.0097
...saving a checkpoint at iter:  344000
Iteration  346000 :    Loss-adversarial =   0.0088
...saving a checkpoint at iter:  346000
Iteration  348000 :    Loss-adversarial =   0.0130
...saving a checkpoint at iter:  348000
Iteration  350000 :    Loss-adversarial =   0.0092
...saving a checkpoint at iter:  350000
Iteration  352000 :    Loss-adversarial =   0.0082
...saving a checkpoint at iter:  352000
Iteration  354000 :    Loss-adversarial =   0.0130
...saving a checkpoint at iter:  354000
Iteration  356000 :    Loss-adversarial =   0.0221
...saving a checkpoint at iter:  356000
Iteration  358000 :    Loss-adversarial =   0.0093
...saving a checkpoint at iter:  358000
Iteration  360000 :    Loss-adversarial =   0.0070
...saving a checkpoint at iter:  360000
Iteration  362000 :    Loss-adversarial =   0.0084
...saving a checkpoint at iter:  362000
Iteration  364000 :    Loss-adversarial =   0.0147
...saving a checkpoint at iter:  364000
Iteration  366000 :    Loss-adversarial =   0.0098
...saving a checkpoint at iter:  366000
Iteration  368000 :    Loss-adversarial =   0.0081
...saving a checkpoint at iter:  368000
Iteration  370000 :    Loss-adversarial =   0.0086
...saving a checkpoint at iter:  370000
Iteration  372000 :    Loss-adversarial =   0.0068
...saving a checkpoint at iter:  372000
Iteration  374000 :    Loss-adversarial =   0.0125
...saving a checkpoint at iter:  374000
Iteration  376000 :    Loss-adversarial =   0.0062
...saving a checkpoint at iter:  376000
Iteration  378000 :    Loss-adversarial =   0.0121
...saving a checkpoint at iter:  378000
Iteration  380000 :    Loss-adversarial =   0.0176
...saving a checkpoint at iter:  380000
Iteration  382000 :    Loss-adversarial =   0.0133
...saving a checkpoint at iter:  382000
Iteration  384000 :    Loss-adversarial =   0.0085
...saving a checkpoint at iter:  384000
Iteration  386000 :    Loss-adversarial =   0.0082
...saving a checkpoint at iter:  386000
Iteration  388000 :    Loss-adversarial =   0.0101
...saving a checkpoint at iter:  388000
Iteration  390000 :    Loss-adversarial =   0.0082
...saving a checkpoint at iter:  390000
Iteration  392000 :    Loss-adversarial =   0.0156
...saving a checkpoint at iter:  392000
Iteration  394000 :    Loss-adversarial =   0.0108
...saving a checkpoint at iter:  394000
Iteration  396000 :    Loss-adversarial =   0.0124
...saving a checkpoint at iter:  396000
Iteration  398000 :    Loss-adversarial =   0.0084
...saving a checkpoint at iter:  398000
Iteration  400000 :    Loss-adversarial =   0.0100
...saving a checkpoint at iter:  400000
Iteration  402000 :    Loss-adversarial =   0.0061
...saving a checkpoint at iter:  402000
Iteration  404000 :    Loss-adversarial =   0.0109
...saving a checkpoint at iter:  404000
Iteration  406000 :    Loss-adversarial =   0.0079
...saving a checkpoint at iter:  406000
Iteration  408000 :    Loss-adversarial =   0.0089
...saving a checkpoint at iter:  408000
Iteration  410000 :    Loss-adversarial =   0.0144
...saving a checkpoint at iter:  410000
Iteration  412000 :    Loss-adversarial =   0.0101
...saving a checkpoint at iter:  412000
Iteration  414000 :    Loss-adversarial =   0.0121
...saving a checkpoint at iter:  414000
Iteration  416000 :    Loss-adversarial =   0.0137
...saving a checkpoint at iter:  416000
Iteration  418000 :    Loss-adversarial =   0.0158
...saving a checkpoint at iter:  418000
Iteration  420000 :    Loss-adversarial =   0.0076
...saving a checkpoint at iter:  420000
Iteration  422000 :    Loss-adversarial =   0.0123
...saving a checkpoint at iter:  422000
Iteration  424000 :    Loss-adversarial =   0.0094
...saving a checkpoint at iter:  424000
Iteration  426000 :    Loss-adversarial =   0.0104
...saving a checkpoint at iter:  426000
Iteration  428000 :    Loss-adversarial =   0.0116
...saving a checkpoint at iter:  428000
Iteration  430000 :    Loss-adversarial =   0.0074
...saving a checkpoint at iter:  430000
Iteration  432000 :    Loss-adversarial =   0.0124
...saving a checkpoint at iter:  432000
Iteration  434000 :    Loss-adversarial =   0.0071
...saving a checkpoint at iter:  434000
Iteration  436000 :    Loss-adversarial =   0.0061
...saving a checkpoint at iter:  436000
Iteration  438000 :    Loss-adversarial =   0.0103
...saving a checkpoint at iter:  438000
Iteration  440000 :    Loss-adversarial =   0.0092
...saving a checkpoint at iter:  440000
Iteration  442000 :    Loss-adversarial =   0.0080
...saving a checkpoint at iter:  442000
Iteration  444000 :    Loss-adversarial =   0.0096
...saving a checkpoint at iter:  444000
Iteration  446000 :    Loss-adversarial =   0.0101
...saving a checkpoint at iter:  446000
Iteration  448000 :    Loss-adversarial =   0.0148
...saving a checkpoint at iter:  448000
Iteration  450000 :    Loss-adversarial =   0.0078
...saving a checkpoint at iter:  450000
Iteration  452000 :    Loss-adversarial =   0.0072
...saving a checkpoint at iter:  452000
Iteration  454000 :    Loss-adversarial =   0.0101
...saving a checkpoint at iter:  454000
Iteration  456000 :    Loss-adversarial =   0.0091
...saving a checkpoint at iter:  456000
Iteration  458000 :    Loss-adversarial =   0.0064
...saving a checkpoint at iter:  458000
Iteration  460000 :    Loss-adversarial =   0.0093
...saving a checkpoint at iter:  460000
Iteration  462000 :    Loss-adversarial =   0.0109
...saving a checkpoint at iter:  462000
Iteration  464000 :    Loss-adversarial =   0.0111
...saving a checkpoint at iter:  464000
Iteration  466000 :    Loss-adversarial =   0.0092
...saving a checkpoint at iter:  466000
Iteration  468000 :    Loss-adversarial =   0.0110
...saving a checkpoint at iter:  468000
Iteration  470000 :    Loss-adversarial =   0.0073
...saving a checkpoint at iter:  470000
Iteration  472000 :    Loss-adversarial =   0.0141
...saving a checkpoint at iter:  472000
Iteration  474000 :    Loss-adversarial =   0.0180
...saving a checkpoint at iter:  474000
Iteration  476000 :    Loss-adversarial =   0.0108
...saving a checkpoint at iter:  476000
Iteration  478000 :    Loss-adversarial =   0.0097
...saving a checkpoint at iter:  478000
Iteration  480000 :    Loss-adversarial =   0.0089
...saving a checkpoint at iter:  480000
Iteration  482000 :    Loss-adversarial =   0.0095
...saving a checkpoint at iter:  482000
Iteration  484000 :    Loss-adversarial =   0.0130
...saving a checkpoint at iter:  484000
Iteration  486000 :    Loss-adversarial =   0.0132
...saving a checkpoint at iter:  486000
Iteration  488000 :    Loss-adversarial =   0.0090
...saving a checkpoint at iter:  488000
Iteration  490000 :    Loss-adversarial =   0.0051
...saving a checkpoint at iter:  490000
Iteration  492000 :    Loss-adversarial =   0.0090
...saving a checkpoint at iter:  492000
Iteration  494000 :    Loss-adversarial =   0.0079
...saving a checkpoint at iter:  494000
Iteration  496000 :    Loss-adversarial =   0.0103
...saving a checkpoint at iter:  496000
Iteration  498000 :    Loss-adversarial =   0.0124
...saving a checkpoint at iter:  498000
Iteration  500000 :    Loss-adversarial =   0.0081
...saving a checkpoint at iter:  500000
Iteration  502000 :    Loss-adversarial =   0.0076
...saving a checkpoint at iter:  502000
Iteration  504000 :    Loss-adversarial =   0.0131
...saving a checkpoint at iter:  504000
Iteration  506000 :    Loss-adversarial =   0.0061
...saving a checkpoint at iter:  506000
Iteration  508000 :    Loss-adversarial =   0.0085
...saving a checkpoint at iter:  508000
Iteration  510000 :    Loss-adversarial =   0.0084
...saving a checkpoint at iter:  510000
Iteration  512000 :    Loss-adversarial =   0.0097
...saving a checkpoint at iter:  512000
Iteration  514000 :    Loss-adversarial =   0.0065
...saving a checkpoint at iter:  514000
Iteration  516000 :    Loss-adversarial =   0.0111
...saving a checkpoint at iter:  516000
Iteration  518000 :    Loss-adversarial =   0.0076
...saving a checkpoint at iter:  518000
Iteration  520000 :    Loss-adversarial =   0.0073
...saving a checkpoint at iter:  520000
Iteration  522000 :    Loss-adversarial =   0.0079
...saving a checkpoint at iter:  522000
Iteration  524000 :    Loss-adversarial =   0.0134
...saving a checkpoint at iter:  524000
Iteration  526000 :    Loss-adversarial =   0.0086
...saving a checkpoint at iter:  526000
Iteration  528000 :    Loss-adversarial =   0.0085
...saving a checkpoint at iter:  528000
Iteration  530000 :    Loss-adversarial =   0.0093
...saving a checkpoint at iter:  530000
Iteration  532000 :    Loss-adversarial =   0.0105
...saving a checkpoint at iter:  532000
Iteration  534000 :    Loss-adversarial =   0.0106
...saving a checkpoint at iter:  534000
Iteration  536000 :    Loss-adversarial =   0.0133
...saving a checkpoint at iter:  536000
Iteration  538000 :    Loss-adversarial =   0.0111
...saving a checkpoint at iter:  538000
Iteration  540000 :    Loss-adversarial =   0.0079
...saving a checkpoint at iter:  540000
Iteration  542000 :    Loss-adversarial =   0.0100
...saving a checkpoint at iter:  542000
Iteration  544000 :    Loss-adversarial =   0.0073
...saving a checkpoint at iter:  544000
Iteration  546000 :    Loss-adversarial =   0.0090
...saving a checkpoint at iter:  546000
Iteration  548000 :    Loss-adversarial =   0.0109
...saving a checkpoint at iter:  548000
Iteration  550000 :    Loss-adversarial =   0.0110
...saving a checkpoint at iter:  550000
Iteration  552000 :    Loss-adversarial =   0.0109
...saving a checkpoint at iter:  552000
Iteration  554000 :    Loss-adversarial =   0.0069
...saving a checkpoint at iter:  554000
Iteration  556000 :    Loss-adversarial =   0.0171
...saving a checkpoint at iter:  556000
Iteration  558000 :    Loss-adversarial =   0.0064
...saving a checkpoint at iter:  558000
Iteration  560000 :    Loss-adversarial =   0.0092
...saving a checkpoint at iter:  560000
Iteration  562000 :    Loss-adversarial =   0.0112
...saving a checkpoint at iter:  562000
Iteration  564000 :    Loss-adversarial =   0.0114
...saving a checkpoint at iter:  564000
Iteration  566000 :    Loss-adversarial =   0.0078
...saving a checkpoint at iter:  566000
Iteration  568000 :    Loss-adversarial =   0.0102
...saving a checkpoint at iter:  568000
Iteration  570000 :    Loss-adversarial =   0.0076
...saving a checkpoint at iter:  570000
Iteration  572000 :    Loss-adversarial =   0.0109
...saving a checkpoint at iter:  572000
Iteration  574000 :    Loss-adversarial =   0.0053
...saving a checkpoint at iter:  574000
Iteration  576000 :    Loss-adversarial =   0.0088
...saving a checkpoint at iter:  576000
Iteration  578000 :    Loss-adversarial =   0.0106
...saving a checkpoint at iter:  578000
Iteration  580000 :    Loss-adversarial =   0.0109
...saving a checkpoint at iter:  580000
Iteration  582000 :    Loss-adversarial =   0.0076
...saving a checkpoint at iter:  582000
Iteration  584000 :    Loss-adversarial =   0.0098
...saving a checkpoint at iter:  584000
Iteration  586000 :    Loss-adversarial =   0.0129
...saving a checkpoint at iter:  586000
Iteration  588000 :    Loss-adversarial =   0.0080
...saving a checkpoint at iter:  588000
Iteration  590000 :    Loss-adversarial =   0.0119
...saving a checkpoint at iter:  590000
Iteration  592000 :    Loss-adversarial =   0.0109
...saving a checkpoint at iter:  592000
Iteration  594000 :    Loss-adversarial =   0.0093
...saving a checkpoint at iter:  594000
Iteration  596000 :    Loss-adversarial =   0.0081
...saving a checkpoint at iter:  596000
Iteration  598000 :    Loss-adversarial =   0.0101
...saving a checkpoint at iter:  598000
Iteration  600000 :    Loss-adversarial =   0.0089
...saving a checkpoint at iter:  600000
Iteration  602000 :    Loss-adversarial =   0.0096
...saving a checkpoint at iter:  602000
Iteration  604000 :    Loss-adversarial =   0.0096
...saving a checkpoint at iter:  604000
Iteration  606000 :    Loss-adversarial =   0.0079
...saving a checkpoint at iter:  606000
Iteration  608000 :    Loss-adversarial =   0.0128
...saving a checkpoint at iter:  608000
Iteration  610000 :    Loss-adversarial =   0.0121
...saving a checkpoint at iter:  610000
Iteration  612000 :    Loss-adversarial =   0.0088
...saving a checkpoint at iter:  612000
Iteration  614000 :    Loss-adversarial =   0.0123
...saving a checkpoint at iter:  614000
Iteration  616000 :    Loss-adversarial =   0.0092
...saving a checkpoint at iter:  616000
Iteration  618000 :    Loss-adversarial =   0.0124
...saving a checkpoint at iter:  618000
Iteration  620000 :    Loss-adversarial =   0.0087
...saving a checkpoint at iter:  620000
Iteration  622000 :    Loss-adversarial =   0.0084
...saving a checkpoint at iter:  622000
Iteration  624000 :    Loss-adversarial =   0.0140
...saving a checkpoint at iter:  624000
Iteration  626000 :    Loss-adversarial =   0.0176
...saving a checkpoint at iter:  626000
Iteration  628000 :    Loss-adversarial =   0.0091
...saving a checkpoint at iter:  628000
Iteration  630000 :    Loss-adversarial =   0.0084
...saving a checkpoint at iter:  630000
Iteration  632000 :    Loss-adversarial =   0.0106
...saving a checkpoint at iter:  632000
Iteration  634000 :    Loss-adversarial =   0.0155
...saving a checkpoint at iter:  634000
Iteration  636000 :    Loss-adversarial =   0.0073
...saving a checkpoint at iter:  636000
Iteration  638000 :    Loss-adversarial =   0.0090
...saving a checkpoint at iter:  638000
Iteration  640000 :    Loss-adversarial =   0.0098
...saving a checkpoint at iter:  640000
Iteration  642000 :    Loss-adversarial =   0.0101
...saving a checkpoint at iter:  642000
Iteration  644000 :    Loss-adversarial =   0.0072
...saving a checkpoint at iter:  644000
Iteration  646000 :    Loss-adversarial =   0.0134
...saving a checkpoint at iter:  646000
Iteration  648000 :    Loss-adversarial =   0.0102
...saving a checkpoint at iter:  648000
Iteration  650000 :    Loss-adversarial =   0.0079
...saving a checkpoint at iter:  650000
Iteration  652000 :    Loss-adversarial =   0.0097
...saving a checkpoint at iter:  652000
Iteration  654000 :    Loss-adversarial =   0.0064
...saving a checkpoint at iter:  654000
Iteration  656000 :    Loss-adversarial =   0.0071
...saving a checkpoint at iter:  656000
Iteration  658000 :    Loss-adversarial =   0.0063
...saving a checkpoint at iter:  658000
Iteration  660000 :    Loss-adversarial =   0.0086
...saving a checkpoint at iter:  660000
Iteration  662000 :    Loss-adversarial =   0.0070
...saving a checkpoint at iter:  662000
Iteration  664000 :    Loss-adversarial =   0.0081
...saving a checkpoint at iter:  664000
Iteration  666000 :    Loss-adversarial =   0.0109
...saving a checkpoint at iter:  666000
Iteration  668000 :    Loss-adversarial =   0.0080
...saving a checkpoint at iter:  668000
Iteration  670000 :    Loss-adversarial =   0.0096
...saving a checkpoint at iter:  670000
Iteration  672000 :    Loss-adversarial =   0.0112
...saving a checkpoint at iter:  672000
Iteration  674000 :    Loss-adversarial =   0.0099
...saving a checkpoint at iter:  674000
Iteration  676000 :    Loss-adversarial =   0.0104
...saving a checkpoint at iter:  676000
Iteration  678000 :    Loss-adversarial =   0.0087
...saving a checkpoint at iter:  678000
Iteration  680000 :    Loss-adversarial =   0.0063
...saving a checkpoint at iter:  680000
Iteration  682000 :    Loss-adversarial =   0.0087
...saving a checkpoint at iter:  682000
Iteration  684000 :    Loss-adversarial =   0.0079
...saving a checkpoint at iter:  684000
Iteration  686000 :    Loss-adversarial =   0.0090
...saving a checkpoint at iter:  686000
Iteration  688000 :    Loss-adversarial =   0.0084
...saving a checkpoint at iter:  688000
Iteration  690000 :    Loss-adversarial =   0.0096
...saving a checkpoint at iter:  690000
Iteration  692000 :    Loss-adversarial =   0.0105
...saving a checkpoint at iter:  692000
Iteration  694000 :    Loss-adversarial =   0.0069
...saving a checkpoint at iter:  694000
Iteration  696000 :    Loss-adversarial =   0.0060
...saving a checkpoint at iter:  696000
Iteration  698000 :    Loss-adversarial =   0.0081
...saving a checkpoint at iter:  698000
Iteration  700000 :    Loss-adversarial =   0.0099
...saving a checkpoint at iter:  700000
Iteration  702000 :    Loss-adversarial =   0.0188
...saving a checkpoint at iter:  702000
Iteration  704000 :    Loss-adversarial =   0.0101
...saving a checkpoint at iter:  704000
Iteration  706000 :    Loss-adversarial =   0.0067
...saving a checkpoint at iter:  706000
Iteration  708000 :    Loss-adversarial =   0.0084
...saving a checkpoint at iter:  708000
Iteration  710000 :    Loss-adversarial =   0.0108
...saving a checkpoint at iter:  710000
Iteration  712000 :    Loss-adversarial =   0.0090
...saving a checkpoint at iter:  712000
Iteration  714000 :    Loss-adversarial =   0.0101
...saving a checkpoint at iter:  714000
Iteration  716000 :    Loss-adversarial =   0.0111
...saving a checkpoint at iter:  716000
Iteration  718000 :    Loss-adversarial =   0.0090
...saving a checkpoint at iter:  718000
Iteration  720000 :    Loss-adversarial =   0.0124
...saving a checkpoint at iter:  720000
Iteration  722000 :    Loss-adversarial =   0.0072
...saving a checkpoint at iter:  722000
Iteration  724000 :    Loss-adversarial =   0.0076
...saving a checkpoint at iter:  724000
Iteration  726000 :    Loss-adversarial =   0.0074
...saving a checkpoint at iter:  726000
Iteration  728000 :    Loss-adversarial =   0.0113
...saving a checkpoint at iter:  728000
Iteration  730000 :    Loss-adversarial =   0.0096
...saving a checkpoint at iter:  730000
Iteration  732000 :    Loss-adversarial =   0.0083
...saving a checkpoint at iter:  732000
Iteration  734000 :    Loss-adversarial =   0.0092
...saving a checkpoint at iter:  734000
Iteration  736000 :    Loss-adversarial =   0.0100
...saving a checkpoint at iter:  736000
Iteration  738000 :    Loss-adversarial =   0.0095
...saving a checkpoint at iter:  738000
Iteration  740000 :    Loss-adversarial =   0.0127
...saving a checkpoint at iter:  740000
Iteration  742000 :    Loss-adversarial =   0.0075
...saving a checkpoint at iter:  742000
Iteration  744000 :    Loss-adversarial =   0.0109
...saving a checkpoint at iter:  744000
Iteration  746000 :    Loss-adversarial =   0.0072
...saving a checkpoint at iter:  746000
Iteration  748000 :    Loss-adversarial =   0.0072
...saving a checkpoint at iter:  748000
Iteration  750000 :    Loss-adversarial =   0.0157
...saving a checkpoint at iter:  750000
Iteration  752000 :    Loss-adversarial =   0.0075
...saving a checkpoint at iter:  752000
Iteration  754000 :    Loss-adversarial =   0.0079
...saving a checkpoint at iter:  754000
Iteration  756000 :    Loss-adversarial =   0.0130
...saving a checkpoint at iter:  756000
Iteration  758000 :    Loss-adversarial =   0.0074
...saving a checkpoint at iter:  758000
Iteration  760000 :    Loss-adversarial =   0.0098
...saving a checkpoint at iter:  760000
Iteration  762000 :    Loss-adversarial =   0.0103
...saving a checkpoint at iter:  762000
Iteration  764000 :    Loss-adversarial =   0.0113
...saving a checkpoint at iter:  764000
Iteration  766000 :    Loss-adversarial =   0.0121
...saving a checkpoint at iter:  766000
Iteration  768000 :    Loss-adversarial =   0.0078
...saving a checkpoint at iter:  768000
Iteration  770000 :    Loss-adversarial =   0.0121
...saving a checkpoint at iter:  770000
Iteration  772000 :    Loss-adversarial =   0.0087
...saving a checkpoint at iter:  772000
Iteration  774000 :    Loss-adversarial =   0.0121
...saving a checkpoint at iter:  774000
Iteration  776000 :    Loss-adversarial =   0.0090
...saving a checkpoint at iter:  776000
Iteration  778000 :    Loss-adversarial =   0.0109
...saving a checkpoint at iter:  778000
Iteration  780000 :    Loss-adversarial =   0.0080
...saving a checkpoint at iter:  780000
Iteration  782000 :    Loss-adversarial =   0.0090
...saving a checkpoint at iter:  782000
Iteration  784000 :    Loss-adversarial =   0.0096
...saving a checkpoint at iter:  784000
Iteration  786000 :    Loss-adversarial =   0.0121
...saving a checkpoint at iter:  786000
Iteration  788000 :    Loss-adversarial =   0.0119
...saving a checkpoint at iter:  788000
Iteration  790000 :    Loss-adversarial =   0.0071
...saving a checkpoint at iter:  790000
Iteration  792000 :    Loss-adversarial =   0.0092
...saving a checkpoint at iter:  792000
Iteration  794000 :    Loss-adversarial =   0.0123
...saving a checkpoint at iter:  794000
Iteration  796000 :    Loss-adversarial =   0.0083
...saving a checkpoint at iter:  796000
Iteration  798000 :    Loss-adversarial =   0.0052
...saving a checkpoint at iter:  798000
Iteration  800000 :    Loss-adversarial =   0.0076
...saving a checkpoint at iter:  800000
Iteration  802000 :    Loss-adversarial =   0.0076
...saving a checkpoint at iter:  802000
Iteration  804000 :    Loss-adversarial =   0.0081
...saving a checkpoint at iter:  804000
Iteration  806000 :    Loss-adversarial =   0.0068
...saving a checkpoint at iter:  806000
Iteration  808000 :    Loss-adversarial =   0.0086
...saving a checkpoint at iter:  808000
Iteration  810000 :    Loss-adversarial =   0.0119
...saving a checkpoint at iter:  810000
Iteration  812000 :    Loss-adversarial =   0.0083
...saving a checkpoint at iter:  812000
Iteration  814000 :    Loss-adversarial =   0.0121
...saving a checkpoint at iter:  814000
Iteration  816000 :    Loss-adversarial =   0.0078
...saving a checkpoint at iter:  816000
Iteration  818000 :    Loss-adversarial =   0.0114
...saving a checkpoint at iter:  818000
Iteration  820000 :    Loss-adversarial =   0.0095
...saving a checkpoint at iter:  820000
Iteration  822000 :    Loss-adversarial =   0.0119
...saving a checkpoint at iter:  822000
Iteration  824000 :    Loss-adversarial =   0.0106
...saving a checkpoint at iter:  824000
Iteration  826000 :    Loss-adversarial =   0.0088
...saving a checkpoint at iter:  826000
Iteration  828000 :    Loss-adversarial =   0.0096
...saving a checkpoint at iter:  828000
Iteration  830000 :    Loss-adversarial =   0.0091
...saving a checkpoint at iter:  830000
Iteration  832000 :    Loss-adversarial =   0.0091
...saving a checkpoint at iter:  832000
Iteration  834000 :    Loss-adversarial =   0.0096
...saving a checkpoint at iter:  834000
Iteration  836000 :    Loss-adversarial =   0.0089
...saving a checkpoint at iter:  836000
Iteration  838000 :    Loss-adversarial =   0.0087
...saving a checkpoint at iter:  838000
Iteration  840000 :    Loss-adversarial =   0.0100
...saving a checkpoint at iter:  840000
Iteration  842000 :    Loss-adversarial =   0.0090
...saving a checkpoint at iter:  842000
Iteration  844000 :    Loss-adversarial =   0.0081
...saving a checkpoint at iter:  844000
Iteration  846000 :    Loss-adversarial =   0.0089
...saving a checkpoint at iter:  846000
Iteration  848000 :    Loss-adversarial =   0.0099
...saving a checkpoint at iter:  848000
Iteration  850000 :    Loss-adversarial =   0.0078
...saving a checkpoint at iter:  850000
Iteration  852000 :    Loss-adversarial =   0.0098
...saving a checkpoint at iter:  852000
Iteration  854000 :    Loss-adversarial =   0.0085
...saving a checkpoint at iter:  854000
Iteration  856000 :    Loss-adversarial =   0.0083
...saving a checkpoint at iter:  856000
Iteration  858000 :    Loss-adversarial =   0.0084
...saving a checkpoint at iter:  858000
Iteration  860000 :    Loss-adversarial =   0.0092
...saving a checkpoint at iter:  860000
Iteration  862000 :    Loss-adversarial =   0.0054
...saving a checkpoint at iter:  862000
Iteration  864000 :    Loss-adversarial =   0.0074
...saving a checkpoint at iter:  864000
Iteration  866000 :    Loss-adversarial =   0.0099
...saving a checkpoint at iter:  866000
Iteration  868000 :    Loss-adversarial =   0.0089
...saving a checkpoint at iter:  868000
Iteration  870000 :    Loss-adversarial =   0.0107
...saving a checkpoint at iter:  870000
Iteration  872000 :    Loss-adversarial =   0.0092
...saving a checkpoint at iter:  872000
Iteration  874000 :    Loss-adversarial =   0.0093
...saving a checkpoint at iter:  874000
Iteration  876000 :    Loss-adversarial =   0.0108
...saving a checkpoint at iter:  876000
Iteration  878000 :    Loss-adversarial =   0.0088
...saving a checkpoint at iter:  878000
Iteration  880000 :    Loss-adversarial =   0.0081
...saving a checkpoint at iter:  880000
Iteration  882000 :    Loss-adversarial =   0.0072
...saving a checkpoint at iter:  882000
Iteration  884000 :    Loss-adversarial =   0.0069
...saving a checkpoint at iter:  884000
Iteration  886000 :    Loss-adversarial =   0.0054
...saving a checkpoint at iter:  886000
Iteration  888000 :    Loss-adversarial =   0.0093
...saving a checkpoint at iter:  888000
Iteration  890000 :    Loss-adversarial =   0.0075
...saving a checkpoint at iter:  890000
Iteration  892000 :    Loss-adversarial =   0.0080
...saving a checkpoint at iter:  892000
Iteration  894000 :    Loss-adversarial =   0.0119
...saving a checkpoint at iter:  894000
Iteration  896000 :    Loss-adversarial =   0.0069
...saving a checkpoint at iter:  896000
Iteration  898000 :    Loss-adversarial =   0.0081
...saving a checkpoint at iter:  898000
Iteration  900000 :    Loss-adversarial =   0.0106
...saving a checkpoint at iter:  900000
Iteration  902000 :    Loss-adversarial =   0.0060
...saving a checkpoint at iter:  902000
Iteration  904000 :    Loss-adversarial =   0.0115
...saving a checkpoint at iter:  904000
Iteration  906000 :    Loss-adversarial =   0.0074
...saving a checkpoint at iter:  906000
Iteration  908000 :    Loss-adversarial =   0.0068
...saving a checkpoint at iter:  908000
Iteration  910000 :    Loss-adversarial =   0.0071
...saving a checkpoint at iter:  910000
Iteration  912000 :    Loss-adversarial =   0.0072
...saving a checkpoint at iter:  912000
Iteration  914000 :    Loss-adversarial =   0.0066
...saving a checkpoint at iter:  914000
Iteration  916000 :    Loss-adversarial =   0.0095
...saving a checkpoint at iter:  916000
Iteration  918000 :    Loss-adversarial =   0.0095
...saving a checkpoint at iter:  918000
Iteration  920000 :    Loss-adversarial =   0.0082
...saving a checkpoint at iter:  920000
Iteration  922000 :    Loss-adversarial =   0.0140
...saving a checkpoint at iter:  922000
Iteration  924000 :    Loss-adversarial =   0.0094
...saving a checkpoint at iter:  924000
Iteration  926000 :    Loss-adversarial =   0.0079
...saving a checkpoint at iter:  926000
Iteration  928000 :    Loss-adversarial =   0.0074
...saving a checkpoint at iter:  928000
Iteration  930000 :    Loss-adversarial =   0.0094
...saving a checkpoint at iter:  930000
Iteration  932000 :    Loss-adversarial =   0.0077
...saving a checkpoint at iter:  932000
Iteration  934000 :    Loss-adversarial =   0.0084
...saving a checkpoint at iter:  934000
Iteration  936000 :    Loss-adversarial =   0.0076
...saving a checkpoint at iter:  936000
Iteration  938000 :    Loss-adversarial =   0.0088
...saving a checkpoint at iter:  938000
Iteration  940000 :    Loss-adversarial =   0.0089
...saving a checkpoint at iter:  940000
Iteration  942000 :    Loss-adversarial =   0.0103
...saving a checkpoint at iter:  942000
Iteration  944000 :    Loss-adversarial =   0.0093
...saving a checkpoint at iter:  944000
Iteration  946000 :    Loss-adversarial =   0.0089
...saving a checkpoint at iter:  946000
Iteration  948000 :    Loss-adversarial =   0.0071
...saving a checkpoint at iter:  948000
Iteration  950000 :    Loss-adversarial =   0.0104
...saving a checkpoint at iter:  950000
Iteration  952000 :    Loss-adversarial =   0.0131
...saving a checkpoint at iter:  952000
Iteration  954000 :    Loss-adversarial =   0.0072
...saving a checkpoint at iter:  954000
Iteration  956000 :    Loss-adversarial =   0.0100
...saving a checkpoint at iter:  956000
Iteration  958000 :    Loss-adversarial =   0.0098
...saving a checkpoint at iter:  958000
Iteration  960000 :    Loss-adversarial =   0.0122
...saving a checkpoint at iter:  960000
Iteration  962000 :    Loss-adversarial =   0.0091
...saving a checkpoint at iter:  962000
Iteration  964000 :    Loss-adversarial =   0.0067
...saving a checkpoint at iter:  964000
Iteration  966000 :    Loss-adversarial =   0.0075
...saving a checkpoint at iter:  966000
Iteration  968000 :    Loss-adversarial =   0.0045
...saving a checkpoint at iter:  968000
Iteration  970000 :    Loss-adversarial =   0.0089
...saving a checkpoint at iter:  970000
Iteration  972000 :    Loss-adversarial =   0.0102
...saving a checkpoint at iter:  972000
Iteration  974000 :    Loss-adversarial =   0.0093
...saving a checkpoint at iter:  974000
Iteration  976000 :    Loss-adversarial =   0.0080
...saving a checkpoint at iter:  976000
Iteration  978000 :    Loss-adversarial =   0.0075
...saving a checkpoint at iter:  978000
Iteration  980000 :    Loss-adversarial =   0.0090
...saving a checkpoint at iter:  980000
Iteration  982000 :    Loss-adversarial =   0.0105
...saving a checkpoint at iter:  982000
Iteration  984000 :    Loss-adversarial =   0.0064
...saving a checkpoint at iter:  984000
Iteration  986000 :    Loss-adversarial =   0.0071
...saving a checkpoint at iter:  986000
Iteration  988000 :    Loss-adversarial =   0.0121
...saving a checkpoint at iter:  988000
Iteration  990000 :    Loss-adversarial =   0.0083
...saving a checkpoint at iter:  990000
Iteration  992000 :    Loss-adversarial =   0.0075
...saving a checkpoint at iter:  992000
Iteration  994000 :    Loss-adversarial =   0.0153
...saving a checkpoint at iter:  994000
Iteration  996000 :    Loss-adversarial =   0.0094
...saving a checkpoint at iter:  996000
Iteration  998000 :    Loss-adversarial =   0.0086
...saving a checkpoint at iter:  998000
Iteration  1000000 :    Loss-adversarial =   0.0079
...saving a checkpoint at iter:  1000000
Iteration  1002000 :    Loss-adversarial =   0.0085
...saving a checkpoint at iter:  1002000
Iteration  1004000 :    Loss-adversarial =   0.0086
...saving a checkpoint at iter:  1004000
Iteration  1006000 :    Loss-adversarial =   0.0093
...saving a checkpoint at iter:  1006000
Iteration  1008000 :    Loss-adversarial =   0.0067
...saving a checkpoint at iter:  1008000
Iteration  1010000 :    Loss-adversarial =   0.0067
...saving a checkpoint at iter:  1010000
Iteration  1012000 :    Loss-adversarial =   0.0089
...saving a checkpoint at iter:  1012000
Iteration  1014000 :    Loss-adversarial =   0.0083
...saving a checkpoint at iter:  1014000
Iteration  1016000 :    Loss-adversarial =   0.0152
...saving a checkpoint at iter:  1016000
Iteration  1018000 :    Loss-adversarial =   0.0095
...saving a checkpoint at iter:  1018000
Iteration  1020000 :    Loss-adversarial =   0.0140
...saving a checkpoint at iter:  1020000
Iteration  1022000 :    Loss-adversarial =   0.0087
...saving a checkpoint at iter:  1022000
Iteration  1024000 :    Loss-adversarial =   0.0072
...saving a checkpoint at iter:  1024000
Iteration  1026000 :    Loss-adversarial =   0.0096
...saving a checkpoint at iter:  1026000
Iteration  1028000 :    Loss-adversarial =   0.0096
...saving a checkpoint at iter:  1028000
Iteration  1030000 :    Loss-adversarial =   0.0088
...saving a checkpoint at iter:  1030000
Iteration  1032000 :    Loss-adversarial =   0.0105
...saving a checkpoint at iter:  1032000
Iteration  1034000 :    Loss-adversarial =   0.0127
...saving a checkpoint at iter:  1034000
Iteration  1036000 :    Loss-adversarial =   0.0125
...saving a checkpoint at iter:  1036000
Iteration  1038000 :    Loss-adversarial =   0.0087
...saving a checkpoint at iter:  1038000
Iteration  1040000 :    Loss-adversarial =   0.0081
...saving a checkpoint at iter:  1040000
Iteration  1042000 :    Loss-adversarial =   0.0126
...saving a checkpoint at iter:  1042000
Iteration  1044000 :    Loss-adversarial =   0.0095
...saving a checkpoint at iter:  1044000
Iteration  1046000 :    Loss-adversarial =   0.0117
...saving a checkpoint at iter:  1046000
Iteration  1048000 :    Loss-adversarial =   0.0091
...saving a checkpoint at iter:  1048000
Iteration  1050000 :    Loss-adversarial =   0.0107
...saving a checkpoint at iter:  1050000
Iteration  1052000 :    Loss-adversarial =   0.0110
...saving a checkpoint at iter:  1052000
Iteration  1054000 :    Loss-adversarial =   0.0063
...saving a checkpoint at iter:  1054000
Iteration  1056000 :    Loss-adversarial =   0.0089
...saving a checkpoint at iter:  1056000
Iteration  1058000 :    Loss-adversarial =   0.0089
...saving a checkpoint at iter:  1058000
Iteration  1060000 :    Loss-adversarial =   0.0078
...saving a checkpoint at iter:  1060000
Iteration  1062000 :    Loss-adversarial =   0.0059
...saving a checkpoint at iter:  1062000
Iteration  1064000 :    Loss-adversarial =   0.0071
...saving a checkpoint at iter:  1064000
Iteration  1066000 :    Loss-adversarial =   0.0083
...saving a checkpoint at iter:  1066000
Iteration  1068000 :    Loss-adversarial =   0.0097
...saving a checkpoint at iter:  1068000
Iteration  1070000 :    Loss-adversarial =   0.0120
...saving a checkpoint at iter:  1070000
Iteration  1072000 :    Loss-adversarial =   0.0084
...saving a checkpoint at iter:  1072000
Iteration  1074000 :    Loss-adversarial =   0.0109
...saving a checkpoint at iter:  1074000
Iteration  1076000 :    Loss-adversarial =   0.0075
...saving a checkpoint at iter:  1076000
Iteration  1078000 :    Loss-adversarial =   0.0097
...saving a checkpoint at iter:  1078000
Iteration  1080000 :    Loss-adversarial =   0.0074
...saving a checkpoint at iter:  1080000
Iteration  1082000 :    Loss-adversarial =   0.0063
...saving a checkpoint at iter:  1082000
Iteration  1084000 :    Loss-adversarial =   0.0089
...saving a checkpoint at iter:  1084000
Iteration  1086000 :    Loss-adversarial =   0.0070
...saving a checkpoint at iter:  1086000
Iteration  1088000 :    Loss-adversarial =   0.0090
...saving a checkpoint at iter:  1088000
Iteration  1090000 :    Loss-adversarial =   0.0063
...saving a checkpoint at iter:  1090000
Iteration  1092000 :    Loss-adversarial =   0.0062
...saving a checkpoint at iter:  1092000
Iteration  1094000 :    Loss-adversarial =   0.0092
...saving a checkpoint at iter:  1094000
Iteration  1096000 :    Loss-adversarial =   0.0131
...saving a checkpoint at iter:  1096000
Iteration  1098000 :    Loss-adversarial =   0.0089
...saving a checkpoint at iter:  1098000
Iteration  1100000 :    Loss-adversarial =   0.0097
...saving a checkpoint at iter:  1100000
Iteration  1102000 :    Loss-adversarial =   0.0086
...saving a checkpoint at iter:  1102000
Iteration  1104000 :    Loss-adversarial =   0.0107
...saving a checkpoint at iter:  1104000
Iteration  1106000 :    Loss-adversarial =   0.0105
...saving a checkpoint at iter:  1106000
Iteration  1108000 :    Loss-adversarial =   0.0079
...saving a checkpoint at iter:  1108000
Iteration  1110000 :    Loss-adversarial =   0.0069
...saving a checkpoint at iter:  1110000
Iteration  1112000 :    Loss-adversarial =   0.0085
...saving a checkpoint at iter:  1112000
Iteration  1114000 :    Loss-adversarial =   0.0097
...saving a checkpoint at iter:  1114000
Iteration  1116000 :    Loss-adversarial =   0.0075
...saving a checkpoint at iter:  1116000
Iteration  1118000 :    Loss-adversarial =   0.0087
...saving a checkpoint at iter:  1118000
Iteration  1120000 :    Loss-adversarial =   0.0084
...saving a checkpoint at iter:  1120000
Iteration  1122000 :    Loss-adversarial =   0.0085
...saving a checkpoint at iter:  1122000
Iteration  1124000 :    Loss-adversarial =   0.0086
...saving a checkpoint at iter:  1124000
Iteration  1126000 :    Loss-adversarial =   0.0079
...saving a checkpoint at iter:  1126000
Iteration  1128000 :    Loss-adversarial =   0.0071
...saving a checkpoint at iter:  1128000
Iteration  1130000 :    Loss-adversarial =   0.0085
...saving a checkpoint at iter:  1130000
Iteration  1132000 :    Loss-adversarial =   0.0102
...saving a checkpoint at iter:  1132000
Iteration  1134000 :    Loss-adversarial =   0.0065
...saving a checkpoint at iter:  1134000
Iteration  1136000 :    Loss-adversarial =   0.0092
...saving a checkpoint at iter:  1136000
Iteration  1138000 :    Loss-adversarial =   0.0087
...saving a checkpoint at iter:  1138000
Iteration  1140000 :    Loss-adversarial =   0.0090
...saving a checkpoint at iter:  1140000
Iteration  1142000 :    Loss-adversarial =   0.0059
...saving a checkpoint at iter:  1142000
Iteration  1144000 :    Loss-adversarial =   0.0093
...saving a checkpoint at iter:  1144000
Iteration  1146000 :    Loss-adversarial =   0.0083
...saving a checkpoint at iter:  1146000
Iteration  1148000 :    Loss-adversarial =   0.0078
...saving a checkpoint at iter:  1148000
Iteration  1150000 :    Loss-adversarial =   0.0088
...saving a checkpoint at iter:  1150000
Iteration  1152000 :    Loss-adversarial =   0.0098
...saving a checkpoint at iter:  1152000
Iteration  1154000 :    Loss-adversarial =   0.0097
...saving a checkpoint at iter:  1154000
Iteration  1156000 :    Loss-adversarial =   0.0066
...saving a checkpoint at iter:  1156000
Iteration  1158000 :    Loss-adversarial =   0.0103
...saving a checkpoint at iter:  1158000
Iteration  1160000 :    Loss-adversarial =   0.0084
...saving a checkpoint at iter:  1160000
Iteration  1162000 :    Loss-adversarial =   0.0154
...saving a checkpoint at iter:  1162000
Iteration  1164000 :    Loss-adversarial =   0.0078
...saving a checkpoint at iter:  1164000
Iteration  1166000 :    Loss-adversarial =   0.0099
...saving a checkpoint at iter:  1166000
Iteration  1168000 :    Loss-adversarial =   0.0095
...saving a checkpoint at iter:  1168000
Iteration  1170000 :    Loss-adversarial =   0.0108
...saving a checkpoint at iter:  1170000
Iteration  1172000 :    Loss-adversarial =   0.0072
...saving a checkpoint at iter:  1172000
Iteration  1174000 :    Loss-adversarial =   0.0083
...saving a checkpoint at iter:  1174000
Iteration  1176000 :    Loss-adversarial =   0.0096
...saving a checkpoint at iter:  1176000
Iteration  1178000 :    Loss-adversarial =   0.0078
...saving a checkpoint at iter:  1178000
Iteration  1180000 :    Loss-adversarial =   0.0067
...saving a checkpoint at iter:  1180000
Iteration  1182000 :    Loss-adversarial =   0.0112
...saving a checkpoint at iter:  1182000
Iteration  1184000 :    Loss-adversarial =   0.0099
...saving a checkpoint at iter:  1184000
Iteration  1186000 :    Loss-adversarial =   0.0085
...saving a checkpoint at iter:  1186000
Iteration  1188000 :    Loss-adversarial =   0.0081
...saving a checkpoint at iter:  1188000
Iteration  1190000 :    Loss-adversarial =   0.0069
...saving a checkpoint at iter:  1190000
Iteration  1192000 :    Loss-adversarial =   0.0094
...saving a checkpoint at iter:  1192000
Iteration  1194000 :    Loss-adversarial =   0.0095
...saving a checkpoint at iter:  1194000
Iteration  1196000 :    Loss-adversarial =   0.0106
...saving a checkpoint at iter:  1196000
Iteration  1198000 :    Loss-adversarial =   0.0070
...saving a checkpoint at iter:  1198000
Iteration  1200000 :    Loss-adversarial =   0.0060
...saving a checkpoint at iter:  1200000
Iteration  1202000 :    Loss-adversarial =   0.0109
...saving a checkpoint at iter:  1202000
Iteration  1204000 :    Loss-adversarial =   0.0085
...saving a checkpoint at iter:  1204000
Iteration  1206000 :    Loss-adversarial =   0.0060
...saving a checkpoint at iter:  1206000
Iteration  1208000 :    Loss-adversarial =   0.0107
...saving a checkpoint at iter:  1208000
Iteration  1210000 :    Loss-adversarial =   0.0089
...saving a checkpoint at iter:  1210000
Iteration  1212000 :    Loss-adversarial =   0.0098
...saving a checkpoint at iter:  1212000
Iteration  1214000 :    Loss-adversarial =   0.0057
...saving a checkpoint at iter:  1214000
Iteration  1216000 :    Loss-adversarial =   0.0076
...saving a checkpoint at iter:  1216000
Iteration  1218000 :    Loss-adversarial =   0.0105
...saving a checkpoint at iter:  1218000
Iteration  1220000 :    Loss-adversarial =   0.0130
...saving a checkpoint at iter:  1220000
Iteration  1222000 :    Loss-adversarial =   0.0092
...saving a checkpoint at iter:  1222000
Iteration  1224000 :    Loss-adversarial =   0.0090
...saving a checkpoint at iter:  1224000
Iteration  1226000 :    Loss-adversarial =   0.0069
...saving a checkpoint at iter:  1226000
Iteration  1228000 :    Loss-adversarial =   0.0110
...saving a checkpoint at iter:  1228000
Iteration  1230000 :    Loss-adversarial =   0.0097
...saving a checkpoint at iter:  1230000
Iteration  1232000 :    Loss-adversarial =   0.0102
...saving a checkpoint at iter:  1232000
Iteration  1234000 :    Loss-adversarial =   0.0078
...saving a checkpoint at iter:  1234000
Iteration  1236000 :    Loss-adversarial =   0.0086
...saving a checkpoint at iter:  1236000
Iteration  1238000 :    Loss-adversarial =   0.0087
...saving a checkpoint at iter:  1238000
Iteration  1240000 :    Loss-adversarial =   0.0085
...saving a checkpoint at iter:  1240000
Iteration  1242000 :    Loss-adversarial =   0.0128
...saving a checkpoint at iter:  1242000
Iteration  1244000 :    Loss-adversarial =   0.0094
...saving a checkpoint at iter:  1244000
Iteration  1246000 :    Loss-adversarial =   0.0117
...saving a checkpoint at iter:  1246000
Iteration  1248000 :    Loss-adversarial =   0.0102
...saving a checkpoint at iter:  1248000
Iteration  1250000 :    Loss-adversarial =   0.0091
...saving a checkpoint at iter:  1250000
Iteration  1252000 :    Loss-adversarial =   0.0075
...saving a checkpoint at iter:  1252000
Iteration  1254000 :    Loss-adversarial =   0.0081
...saving a checkpoint at iter:  1254000
Iteration  1256000 :    Loss-adversarial =   0.0083
...saving a checkpoint at iter:  1256000
Iteration  1258000 :    Loss-adversarial =   0.0101
...saving a checkpoint at iter:  1258000
Iteration  1260000 :    Loss-adversarial =   0.0097
...saving a checkpoint at iter:  1260000
Iteration  1262000 :    Loss-adversarial =   0.0104
...saving a checkpoint at iter:  1262000
Iteration  1264000 :    Loss-adversarial =   0.0059
...saving a checkpoint at iter:  1264000
Iteration  1266000 :    Loss-adversarial =   0.0096
...saving a checkpoint at iter:  1266000
Iteration  1268000 :    Loss-adversarial =   0.0071
...saving a checkpoint at iter:  1268000
Iteration  1270000 :    Loss-adversarial =   0.0073
...saving a checkpoint at iter:  1270000
Iteration  1272000 :    Loss-adversarial =   0.0067
...saving a checkpoint at iter:  1272000
Iteration  1274000 :    Loss-adversarial =   0.0088
...saving a checkpoint at iter:  1274000
Iteration  1276000 :    Loss-adversarial =   0.0082
...saving a checkpoint at iter:  1276000
Iteration  1278000 :    Loss-adversarial =   0.0075
...saving a checkpoint at iter:  1278000
Iteration  1280000 :    Loss-adversarial =   0.0093
...saving a checkpoint at iter:  1280000
Iteration  1282000 :    Loss-adversarial =   0.0069
...saving a checkpoint at iter:  1282000
Iteration  1284000 :    Loss-adversarial =   0.0083
...saving a checkpoint at iter:  1284000
Iteration  1286000 :    Loss-adversarial =   0.0098
...saving a checkpoint at iter:  1286000
Iteration  1288000 :    Loss-adversarial =   0.0087
...saving a checkpoint at iter:  1288000
Iteration  1290000 :    Loss-adversarial =   0.0085
...saving a checkpoint at iter:  1290000
Iteration  1292000 :    Loss-adversarial =   0.0075
...saving a checkpoint at iter:  1292000
Iteration  1294000 :    Loss-adversarial =   0.0609
...saving a checkpoint at iter:  1294000
Iteration  1296000 :    Loss-adversarial =   0.0101
...saving a checkpoint at iter:  1296000
Iteration  1298000 :    Loss-adversarial =   0.0101
...saving a checkpoint at iter:  1298000
Iteration  1300000 :    Loss-adversarial =   0.0085
...saving a checkpoint at iter:  1300000
Iteration  1302000 :    Loss-adversarial =   0.0085
...saving a checkpoint at iter:  1302000
Iteration  1304000 :    Loss-adversarial =   0.0100
...saving a checkpoint at iter:  1304000
Iteration  1306000 :    Loss-adversarial =   0.0089
...saving a checkpoint at iter:  1306000
Iteration  1308000 :    Loss-adversarial =   0.0074
...saving a checkpoint at iter:  1308000
Iteration  1310000 :    Loss-adversarial =   0.0081
...saving a checkpoint at iter:  1310000
Iteration  1312000 :    Loss-adversarial =   0.0098
...saving a checkpoint at iter:  1312000
Iteration  1314000 :    Loss-adversarial =   0.0085
...saving a checkpoint at iter:  1314000
Iteration  1316000 :    Loss-adversarial =   0.0088
...saving a checkpoint at iter:  1316000
Iteration  1318000 :    Loss-adversarial =   0.0556
...saving a checkpoint at iter:  1318000
Iteration  1320000 :    Loss-adversarial =   0.0139
...saving a checkpoint at iter:  1320000
Iteration  1322000 :    Loss-adversarial =   0.0155
...saving a checkpoint at iter:  1322000
Iteration  1324000 :    Loss-adversarial =   0.0123
...saving a checkpoint at iter:  1324000
Iteration  1326000 :    Loss-adversarial =   0.0087
...saving a checkpoint at iter:  1326000
Iteration  1328000 :    Loss-adversarial =   0.0583
...saving a checkpoint at iter:  1328000
Iteration  1330000 :    Loss-adversarial =   0.0130
...saving a checkpoint at iter:  1330000
Iteration  1332000 :    Loss-adversarial =   0.0306
...saving a checkpoint at iter:  1332000
Iteration  1334000 :    Loss-adversarial =   0.0114
...saving a checkpoint at iter:  1334000
Iteration  1336000 :    Loss-adversarial =   0.0079
...saving a checkpoint at iter:  1336000
Iteration  1338000 :    Loss-adversarial =   0.0087
...saving a checkpoint at iter:  1338000
Iteration  1340000 :    Loss-adversarial =   0.0081
...saving a checkpoint at iter:  1340000
Iteration  1342000 :    Loss-adversarial =   0.0103
...saving a checkpoint at iter:  1342000
Iteration  1344000 :    Loss-adversarial =   0.0098
...saving a checkpoint at iter:  1344000
Iteration  1346000 :    Loss-adversarial =   0.0092
...saving a checkpoint at iter:  1346000
Iteration  1348000 :    Loss-adversarial =   0.0104
...saving a checkpoint at iter:  1348000
Iteration  1350000 :    Loss-adversarial =   0.0101
...saving a checkpoint at iter:  1350000
Iteration  1352000 :    Loss-adversarial =   0.0092
...saving a checkpoint at iter:  1352000
Iteration  1354000 :    Loss-adversarial =   0.0080
...saving a checkpoint at iter:  1354000
Iteration  1356000 :    Loss-adversarial =   0.0095
...saving a checkpoint at iter:  1356000
Iteration  1358000 :    Loss-adversarial =   0.0153
...saving a checkpoint at iter:  1358000
Iteration  1360000 :    Loss-adversarial =   0.0158
...saving a checkpoint at iter:  1360000
Iteration  1362000 :    Loss-adversarial =   0.0284
...saving a checkpoint at iter:  1362000
Iteration  1364000 :    Loss-adversarial =   0.0104
...saving a checkpoint at iter:  1364000
Iteration  1366000 :    Loss-adversarial =   0.0085
...saving a checkpoint at iter:  1366000
Iteration  1368000 :    Loss-adversarial =   0.0104
...saving a checkpoint at iter:  1368000
Iteration  1370000 :    Loss-adversarial =   0.0137
...saving a checkpoint at iter:  1370000
Iteration  1372000 :    Loss-adversarial =   0.0099
...saving a checkpoint at iter:  1372000
Iteration  1374000 :    Loss-adversarial =   0.0085
...saving a checkpoint at iter:  1374000
Iteration  1376000 :    Loss-adversarial =   0.0128
...saving a checkpoint at iter:  1376000
Iteration  1378000 :    Loss-adversarial =   0.0090
...saving a checkpoint at iter:  1378000
Iteration  1380000 :    Loss-adversarial =   0.0209
...saving a checkpoint at iter:  1380000
Iteration  1382000 :    Loss-adversarial =   0.0070
...saving a checkpoint at iter:  1382000
Iteration  1384000 :    Loss-adversarial =   0.0073
...saving a checkpoint at iter:  1384000
Iteration  1386000 :    Loss-adversarial =   0.0084
...saving a checkpoint at iter:  1386000
Iteration  1388000 :    Loss-adversarial =   0.0118
...saving a checkpoint at iter:  1388000
Iteration  1390000 :    Loss-adversarial =   0.0140
...saving a checkpoint at iter:  1390000
Iteration  1392000 :    Loss-adversarial =   0.0083
...saving a checkpoint at iter:  1392000
Iteration  1394000 :    Loss-adversarial =   0.0107
...saving a checkpoint at iter:  1394000
Iteration  1396000 :    Loss-adversarial =   0.0060
...saving a checkpoint at iter:  1396000
Iteration  1398000 :    Loss-adversarial =   0.0069
...saving a checkpoint at iter:  1398000
Iteration  1400000 :    Loss-adversarial =   0.0087
...saving a checkpoint at iter:  1400000
Iteration  1402000 :    Loss-adversarial =   0.0074
...saving a checkpoint at iter:  1402000
Iteration  1404000 :    Loss-adversarial =   0.0096
...saving a checkpoint at iter:  1404000
Iteration  1406000 :    Loss-adversarial =   0.0093
...saving a checkpoint at iter:  1406000
Iteration  1408000 :    Loss-adversarial =   0.0085
...saving a checkpoint at iter:  1408000
Iteration  1410000 :    Loss-adversarial =   0.0105
...saving a checkpoint at iter:  1410000
Iteration  1412000 :    Loss-adversarial =   0.0091
...saving a checkpoint at iter:  1412000
Iteration  1414000 :    Loss-adversarial =   0.0093
...saving a checkpoint at iter:  1414000
Iteration  1416000 :    Loss-adversarial =   0.0080
...saving a checkpoint at iter:  1416000
Iteration  1418000 :    Loss-adversarial =   0.0079
...saving a checkpoint at iter:  1418000
Iteration  1420000 :    Loss-adversarial =   0.0099
...saving a checkpoint at iter:  1420000
Iteration  1422000 :    Loss-adversarial =   0.0103
...saving a checkpoint at iter:  1422000
Iteration  1424000 :    Loss-adversarial =   0.0108
...saving a checkpoint at iter:  1424000
Iteration  1426000 :    Loss-adversarial =   0.0088
...saving a checkpoint at iter:  1426000
Iteration  1428000 :    Loss-adversarial =   0.0087
...saving a checkpoint at iter:  1428000
Iteration  1430000 :    Loss-adversarial =   0.0071
...saving a checkpoint at iter:  1430000
Iteration  1432000 :    Loss-adversarial =   0.0074
...saving a checkpoint at iter:  1432000
Iteration  1434000 :    Loss-adversarial =   0.0100
...saving a checkpoint at iter:  1434000
Iteration  1436000 :    Loss-adversarial =   0.0110
...saving a checkpoint at iter:  1436000
Iteration  1438000 :    Loss-adversarial =   0.0100
...saving a checkpoint at iter:  1438000
Iteration  1440000 :    Loss-adversarial =   0.0078
...saving a checkpoint at iter:  1440000
Iteration  1442000 :    Loss-adversarial =   0.0098
...saving a checkpoint at iter:  1442000
Iteration  1444000 :    Loss-adversarial =   0.0094
...saving a checkpoint at iter:  1444000
Iteration  1446000 :    Loss-adversarial =   0.0068
...saving a checkpoint at iter:  1446000
Iteration  1448000 :    Loss-adversarial =   0.0101
...saving a checkpoint at iter:  1448000
Iteration  1450000 :    Loss-adversarial =   0.0076
...saving a checkpoint at iter:  1450000
Iteration  1452000 :    Loss-adversarial =   0.0082
...saving a checkpoint at iter:  1452000
Iteration  1454000 :    Loss-adversarial =   0.0103
...saving a checkpoint at iter:  1454000
Iteration  1456000 :    Loss-adversarial =   0.0161
...saving a checkpoint at iter:  1456000
Iteration  1458000 :    Loss-adversarial =   0.0095
...saving a checkpoint at iter:  1458000
Iteration  1460000 :    Loss-adversarial =   0.0063
...saving a checkpoint at iter:  1460000
Iteration  1462000 :    Loss-adversarial =   0.0102
...saving a checkpoint at iter:  1462000
Iteration  1464000 :    Loss-adversarial =   0.0074
...saving a checkpoint at iter:  1464000
Iteration  1466000 :    Loss-adversarial =   0.0065
...saving a checkpoint at iter:  1466000
Iteration  1468000 :    Loss-adversarial =   0.0083
...saving a checkpoint at iter:  1468000
Iteration  1470000 :    Loss-adversarial =   0.0111
...saving a checkpoint at iter:  1470000
Iteration  1472000 :    Loss-adversarial =   0.0117
...saving a checkpoint at iter:  1472000
Iteration  1474000 :    Loss-adversarial =   0.0110
...saving a checkpoint at iter:  1474000
Iteration  1476000 :    Loss-adversarial =   0.0066
...saving a checkpoint at iter:  1476000
Iteration  1478000 :    Loss-adversarial =   0.0122
...saving a checkpoint at iter:  1478000
Iteration  1480000 :    Loss-adversarial =   0.0073
...saving a checkpoint at iter:  1480000
Iteration  1482000 :    Loss-adversarial =   0.0104
...saving a checkpoint at iter:  1482000
Iteration  1484000 :    Loss-adversarial =   0.0088
...saving a checkpoint at iter:  1484000
Iteration  1486000 :    Loss-adversarial =   0.0167
...saving a checkpoint at iter:  1486000
Iteration  1488000 :    Loss-adversarial =   0.0076
...saving a checkpoint at iter:  1488000
Iteration  1490000 :    Loss-adversarial =   0.0103
...saving a checkpoint at iter:  1490000
Iteration  1492000 :    Loss-adversarial =   0.0112
...saving a checkpoint at iter:  1492000
Iteration  1494000 :    Loss-adversarial =   0.0103
...saving a checkpoint at iter:  1494000
Iteration  1496000 :    Loss-adversarial =   0.0130
...saving a checkpoint at iter:  1496000
Iteration  1498000 :    Loss-adversarial =   0.0115
...saving a checkpoint at iter:  1498000
Iteration  1500000 :    Loss-adversarial =   0.0110
...saving a checkpoint at iter:  1500000
Iteration  1502000 :    Loss-adversarial =   0.0094
...saving a checkpoint at iter:  1502000
Iteration  1504000 :    Loss-adversarial =   0.0101
...saving a checkpoint at iter:  1504000
Iteration  1506000 :    Loss-adversarial =   0.0100
...saving a checkpoint at iter:  1506000
Iteration  1508000 :    Loss-adversarial =   0.0070
...saving a checkpoint at iter:  1508000
Iteration  1510000 :    Loss-adversarial =   0.0075
...saving a checkpoint at iter:  1510000
Iteration  1512000 :    Loss-adversarial =   0.0081
...saving a checkpoint at iter:  1512000
Iteration  1514000 :    Loss-adversarial =   0.0076
...saving a checkpoint at iter:  1514000
Iteration  1516000 :    Loss-adversarial =   0.0090
...saving a checkpoint at iter:  1516000
Iteration  1518000 :    Loss-adversarial =   0.0109
...saving a checkpoint at iter:  1518000
Iteration  1520000 :    Loss-adversarial =   0.0081
...saving a checkpoint at iter:  1520000
Iteration  1522000 :    Loss-adversarial =   0.0129
...saving a checkpoint at iter:  1522000
Iteration  1524000 :    Loss-adversarial =   0.0130
...saving a checkpoint at iter:  1524000
Iteration  1526000 :    Loss-adversarial =   0.0095
...saving a checkpoint at iter:  1526000
Iteration  1528000 :    Loss-adversarial =   0.0109
...saving a checkpoint at iter:  1528000
Iteration  1530000 :    Loss-adversarial =   0.0081
...saving a checkpoint at iter:  1530000
Iteration  1532000 :    Loss-adversarial =   0.0088
...saving a checkpoint at iter:  1532000
Iteration  1534000 :    Loss-adversarial =   0.0094
...saving a checkpoint at iter:  1534000
Iteration  1536000 :    Loss-adversarial =   0.0101
...saving a checkpoint at iter:  1536000
Iteration  1538000 :    Loss-adversarial =   0.0084
...saving a checkpoint at iter:  1538000
Iteration  1540000 :    Loss-adversarial =   0.0105
...saving a checkpoint at iter:  1540000
Iteration  1542000 :    Loss-adversarial =   0.0058
...saving a checkpoint at iter:  1542000
Iteration  1544000 :    Loss-adversarial =   0.0096
...saving a checkpoint at iter:  1544000
Iteration  1546000 :    Loss-adversarial =   0.0134
...saving a checkpoint at iter:  1546000
Iteration  1548000 :    Loss-adversarial =   0.0104
...saving a checkpoint at iter:  1548000
Iteration  1550000 :    Loss-adversarial =   0.0106
...saving a checkpoint at iter:  1550000
Iteration  1552000 :    Loss-adversarial =   0.0061
...saving a checkpoint at iter:  1552000
Iteration  1554000 :    Loss-adversarial =   0.0107
...saving a checkpoint at iter:  1554000
Iteration  1556000 :    Loss-adversarial =   0.0083
...saving a checkpoint at iter:  1556000
Iteration  1558000 :    Loss-adversarial =   0.0074
...saving a checkpoint at iter:  1558000
Iteration  1560000 :    Loss-adversarial =   0.0058
...saving a checkpoint at iter:  1560000
Iteration  1562000 :    Loss-adversarial =   0.0080
...saving a checkpoint at iter:  1562000
Iteration  1564000 :    Loss-adversarial =   0.0100
...saving a checkpoint at iter:  1564000
Iteration  1566000 :    Loss-adversarial =   0.0092
...saving a checkpoint at iter:  1566000
Iteration  1568000 :    Loss-adversarial =   0.0102
...saving a checkpoint at iter:  1568000
Iteration  1570000 :    Loss-adversarial =   0.0091
...saving a checkpoint at iter:  1570000
Iteration  1572000 :    Loss-adversarial =   0.0079
...saving a checkpoint at iter:  1572000
Iteration  1574000 :    Loss-adversarial =   0.0084
...saving a checkpoint at iter:  1574000
Iteration  1576000 :    Loss-adversarial =   0.0068
...saving a checkpoint at iter:  1576000
Iteration  1578000 :    Loss-adversarial =   0.0117
...saving a checkpoint at iter:  1578000
Iteration  1580000 :    Loss-adversarial =   0.0067
...saving a checkpoint at iter:  1580000
Iteration  1582000 :    Loss-adversarial =   0.0076
...saving a checkpoint at iter:  1582000
Iteration  1584000 :    Loss-adversarial =   0.0087
...saving a checkpoint at iter:  1584000
Iteration  1586000 :    Loss-adversarial =   0.0132
...saving a checkpoint at iter:  1586000
Iteration  1588000 :    Loss-adversarial =   0.0106
...saving a checkpoint at iter:  1588000
Iteration  1590000 :    Loss-adversarial =   0.0100
...saving a checkpoint at iter:  1590000
Iteration  1592000 :    Loss-adversarial =   0.0083
...saving a checkpoint at iter:  1592000
Iteration  1594000 :    Loss-adversarial =   0.0083
...saving a checkpoint at iter:  1594000
Iteration  1596000 :    Loss-adversarial =   0.0131
...saving a checkpoint at iter:  1596000
Iteration  1598000 :    Loss-adversarial =   0.0099
...saving a checkpoint at iter:  1598000
Iteration  1600000 :    Loss-adversarial =   0.0084
...saving a checkpoint at iter:  1600000
Iteration  1602000 :    Loss-adversarial =   0.0074
...saving a checkpoint at iter:  1602000
Iteration  1604000 :    Loss-adversarial =   0.0137
...saving a checkpoint at iter:  1604000
Iteration  1606000 :    Loss-adversarial =   0.0081
...saving a checkpoint at iter:  1606000
Iteration  1608000 :    Loss-adversarial =   0.0060
...saving a checkpoint at iter:  1608000
Iteration  1610000 :    Loss-adversarial =   0.0093
...saving a checkpoint at iter:  1610000
Iteration  1612000 :    Loss-adversarial =   0.0121
...saving a checkpoint at iter:  1612000
Iteration  1614000 :    Loss-adversarial =   0.0103
...saving a checkpoint at iter:  1614000
Iteration  1616000 :    Loss-adversarial =   0.0068
...saving a checkpoint at iter:  1616000
Iteration  1618000 :    Loss-adversarial =   0.0127
...saving a checkpoint at iter:  1618000
Iteration  1620000 :    Loss-adversarial =   0.0127
...saving a checkpoint at iter:  1620000
Iteration  1622000 :    Loss-adversarial =   0.0094
...saving a checkpoint at iter:  1622000
Iteration  1624000 :    Loss-adversarial =   0.0071
...saving a checkpoint at iter:  1624000
Iteration  1626000 :    Loss-adversarial =   0.0077
...saving a checkpoint at iter:  1626000
Iteration  1628000 :    Loss-adversarial =   0.0122
...saving a checkpoint at iter:  1628000
Iteration  1630000 :    Loss-adversarial =   0.0091
...saving a checkpoint at iter:  1630000
Iteration  1632000 :    Loss-adversarial =   0.0091
...saving a checkpoint at iter:  1632000
Iteration  1634000 :    Loss-adversarial =   0.0092
...saving a checkpoint at iter:  1634000
Iteration  1636000 :    Loss-adversarial =   0.0144
...saving a checkpoint at iter:  1636000
Iteration  1638000 :    Loss-adversarial =   0.0114
...saving a checkpoint at iter:  1638000
Iteration  1640000 :    Loss-adversarial =   0.0087
...saving a checkpoint at iter:  1640000
Iteration  1642000 :    Loss-adversarial =   0.0120
...saving a checkpoint at iter:  1642000
Iteration  1644000 :    Loss-adversarial =   0.0158
...saving a checkpoint at iter:  1644000
Iteration  1646000 :    Loss-adversarial =   0.0104
...saving a checkpoint at iter:  1646000
Iteration  1648000 :    Loss-adversarial =   0.0126
...saving a checkpoint at iter:  1648000
Iteration  1650000 :    Loss-adversarial =   0.0078
...saving a checkpoint at iter:  1650000
Iteration  1652000 :    Loss-adversarial =   0.0124
...saving a checkpoint at iter:  1652000
Iteration  1654000 :    Loss-adversarial =   0.0079
...saving a checkpoint at iter:  1654000
Iteration  1656000 :    Loss-adversarial =   0.0056
...saving a checkpoint at iter:  1656000
Iteration  1658000 :    Loss-adversarial =   0.0069
...saving a checkpoint at iter:  1658000
Iteration  1660000 :    Loss-adversarial =   0.0072
...saving a checkpoint at iter:  1660000
Iteration  1662000 :    Loss-adversarial =   0.0098
...saving a checkpoint at iter:  1662000
Iteration  1664000 :    Loss-adversarial =   0.0079
...saving a checkpoint at iter:  1664000
Iteration  1666000 :    Loss-adversarial =   0.0096
...saving a checkpoint at iter:  1666000
Iteration  1668000 :    Loss-adversarial =   0.0087
...saving a checkpoint at iter:  1668000
Iteration  1670000 :    Loss-adversarial =   0.0083
...saving a checkpoint at iter:  1670000
Iteration  1672000 :    Loss-adversarial =   0.0097
...saving a checkpoint at iter:  1672000
Iteration  1674000 :    Loss-adversarial =   0.0110
...saving a checkpoint at iter:  1674000
Iteration  1676000 :    Loss-adversarial =   0.0085
...saving a checkpoint at iter:  1676000
Iteration  1678000 :    Loss-adversarial =   0.0077
...saving a checkpoint at iter:  1678000
Iteration  1680000 :    Loss-adversarial =   0.0081
...saving a checkpoint at iter:  1680000
Iteration  1682000 :    Loss-adversarial =   0.0107
...saving a checkpoint at iter:  1682000
Iteration  1684000 :    Loss-adversarial =   0.0102
...saving a checkpoint at iter:  1684000
Iteration  1686000 :    Loss-adversarial =   0.0073
...saving a checkpoint at iter:  1686000
Iteration  1688000 :    Loss-adversarial =   0.0074
...saving a checkpoint at iter:  1688000
Iteration  1690000 :    Loss-adversarial =   0.0072
...saving a checkpoint at iter:  1690000
Iteration  1692000 :    Loss-adversarial =   0.0100
...saving a checkpoint at iter:  1692000
Iteration  1694000 :    Loss-adversarial =   0.0084
...saving a checkpoint at iter:  1694000
Iteration  1696000 :    Loss-adversarial =   0.0100
...saving a checkpoint at iter:  1696000
Iteration  1698000 :    Loss-adversarial =   0.0094
...saving a checkpoint at iter:  1698000
Iteration  1700000 :    Loss-adversarial =   0.0059
...saving a checkpoint at iter:  1700000
Iteration  1702000 :    Loss-adversarial =   0.0082
...saving a checkpoint at iter:  1702000
Iteration  1704000 :    Loss-adversarial =   0.0079
...saving a checkpoint at iter:  1704000
Iteration  1706000 :    Loss-adversarial =   0.0078
...saving a checkpoint at iter:  1706000
Iteration  1708000 :    Loss-adversarial =   0.0152
...saving a checkpoint at iter:  1708000
Iteration  1710000 :    Loss-adversarial =   0.0108
...saving a checkpoint at iter:  1710000
Iteration  1712000 :    Loss-adversarial =   0.0071
...saving a checkpoint at iter:  1712000
Iteration  1714000 :    Loss-adversarial =   0.0095
...saving a checkpoint at iter:  1714000
Iteration  1716000 :    Loss-adversarial =   0.0101
...saving a checkpoint at iter:  1716000
Iteration  1718000 :    Loss-adversarial =   0.0076
...saving a checkpoint at iter:  1718000
Iteration  1720000 :    Loss-adversarial =   0.0128
...saving a checkpoint at iter:  1720000
Iteration  1722000 :    Loss-adversarial =   0.0081
...saving a checkpoint at iter:  1722000
Iteration  1724000 :    Loss-adversarial =   0.0067
...saving a checkpoint at iter:  1724000
Iteration  1726000 :    Loss-adversarial =   0.0115
...saving a checkpoint at iter:  1726000
Iteration  1728000 :    Loss-adversarial =   0.0103
...saving a checkpoint at iter:  1728000
Iteration  1730000 :    Loss-adversarial =   0.0089
...saving a checkpoint at iter:  1730000
Iteration  1732000 :    Loss-adversarial =   0.0063
...saving a checkpoint at iter:  1732000
Iteration  1734000 :    Loss-adversarial =   0.0115
...saving a checkpoint at iter:  1734000
Iteration  1736000 :    Loss-adversarial =   0.0095
...saving a checkpoint at iter:  1736000
Iteration  1738000 :    Loss-adversarial =   0.0062
...saving a checkpoint at iter:  1738000
Iteration  1740000 :    Loss-adversarial =   0.0096
...saving a checkpoint at iter:  1740000
Iteration  1742000 :    Loss-adversarial =   0.0099
...saving a checkpoint at iter:  1742000
Iteration  1744000 :    Loss-adversarial =   0.0088
...saving a checkpoint at iter:  1744000
Iteration  1746000 :    Loss-adversarial =   0.0098
...saving a checkpoint at iter:  1746000
Iteration  1748000 :    Loss-adversarial =   0.0091
...saving a checkpoint at iter:  1748000
Iteration  1750000 :    Loss-adversarial =   0.0107
...saving a checkpoint at iter:  1750000
Iteration  1752000 :    Loss-adversarial =   0.0075
...saving a checkpoint at iter:  1752000
Iteration  1754000 :    Loss-adversarial =   0.0090
...saving a checkpoint at iter:  1754000
Iteration  1756000 :    Loss-adversarial =   0.0071
...saving a checkpoint at iter:  1756000
Iteration  1758000 :    Loss-adversarial =   0.0072
...saving a checkpoint at iter:  1758000
Iteration  1760000 :    Loss-adversarial =   0.0037
...saving a checkpoint at iter:  1760000
Iteration  1762000 :    Loss-adversarial =   0.0091
...saving a checkpoint at iter:  1762000
Iteration  1764000 :    Loss-adversarial =   0.0092
...saving a checkpoint at iter:  1764000
Iteration  1766000 :    Loss-adversarial =   0.0069
...saving a checkpoint at iter:  1766000
Iteration  1768000 :    Loss-adversarial =   0.0066
...saving a checkpoint at iter:  1768000
Iteration  1770000 :    Loss-adversarial =   0.0085
...saving a checkpoint at iter:  1770000
Iteration  1772000 :    Loss-adversarial =   0.0105
...saving a checkpoint at iter:  1772000
Iteration  1774000 :    Loss-adversarial =   0.0098
...saving a checkpoint at iter:  1774000
Iteration  1776000 :    Loss-adversarial =   0.0089
...saving a checkpoint at iter:  1776000
Iteration  1778000 :    Loss-adversarial =   0.0083
...saving a checkpoint at iter:  1778000
Iteration  1780000 :    Loss-adversarial =   0.0084
...saving a checkpoint at iter:  1780000
Iteration  1782000 :    Loss-adversarial =   0.0127
...saving a checkpoint at iter:  1782000
Iteration  1784000 :    Loss-adversarial =   0.0113
...saving a checkpoint at iter:  1784000
Iteration  1786000 :    Loss-adversarial =   0.0074
...saving a checkpoint at iter:  1786000
Iteration  1788000 :    Loss-adversarial =   0.0079
...saving a checkpoint at iter:  1788000
Iteration  1790000 :    Loss-adversarial =   0.0093
...saving a checkpoint at iter:  1790000
Iteration  1792000 :    Loss-adversarial =   0.0070
...saving a checkpoint at iter:  1792000
Iteration  1794000 :    Loss-adversarial =   0.0096
...saving a checkpoint at iter:  1794000
Iteration  1796000 :    Loss-adversarial =   0.0056
...saving a checkpoint at iter:  1796000
Iteration  1798000 :    Loss-adversarial =   0.0108
...saving a checkpoint at iter:  1798000
Iteration  1800000 :    Loss-adversarial =   0.0099
...saving a checkpoint at iter:  1800000
Iteration  1802000 :    Loss-adversarial =   0.0080
...saving a checkpoint at iter:  1802000
Iteration  1804000 :    Loss-adversarial =   0.0092
...saving a checkpoint at iter:  1804000
Iteration  1806000 :    Loss-adversarial =   0.0081
...saving a checkpoint at iter:  1806000
Iteration  1808000 :    Loss-adversarial =   0.0086
...saving a checkpoint at iter:  1808000
Iteration  1810000 :    Loss-adversarial =   0.0083
...saving a checkpoint at iter:  1810000
Iteration  1812000 :    Loss-adversarial =   0.0105
...saving a checkpoint at iter:  1812000
Iteration  1814000 :    Loss-adversarial =   0.0098
...saving a checkpoint at iter:  1814000
Iteration  1816000 :    Loss-adversarial =   0.0075
...saving a checkpoint at iter:  1816000
Iteration  1818000 :    Loss-adversarial =   0.0087
...saving a checkpoint at iter:  1818000
Iteration  1820000 :    Loss-adversarial =   0.0085
...saving a checkpoint at iter:  1820000
Iteration  1822000 :    Loss-adversarial =   0.0102
...saving a checkpoint at iter:  1822000
Iteration  1824000 :    Loss-adversarial =   0.0084
...saving a checkpoint at iter:  1824000
Iteration  1826000 :    Loss-adversarial =   0.0084
...saving a checkpoint at iter:  1826000
Iteration  1828000 :    Loss-adversarial =   0.0095
...saving a checkpoint at iter:  1828000
Iteration  1830000 :    Loss-adversarial =   0.0102
...saving a checkpoint at iter:  1830000
Iteration  1832000 :    Loss-adversarial =   0.0073
...saving a checkpoint at iter:  1832000
Iteration  1834000 :    Loss-adversarial =   0.0095
...saving a checkpoint at iter:  1834000
Iteration  1836000 :    Loss-adversarial =   0.0088
...saving a checkpoint at iter:  1836000
Iteration  1838000 :    Loss-adversarial =   0.0068
...saving a checkpoint at iter:  1838000
Iteration  1840000 :    Loss-adversarial =   0.0096
...saving a checkpoint at iter:  1840000
Iteration  1842000 :    Loss-adversarial =   0.0058
...saving a checkpoint at iter:  1842000
Iteration  1844000 :    Loss-adversarial =   0.0085
...saving a checkpoint at iter:  1844000
Iteration  1846000 :    Loss-adversarial =   0.0067
...saving a checkpoint at iter:  1846000
Iteration  1848000 :    Loss-adversarial =   0.0068
...saving a checkpoint at iter:  1848000
Iteration  1850000 :    Loss-adversarial =   0.8976
...saving a checkpoint at iter:  1850000
Iteration  1852000 :    Loss-adversarial =   0.2809
...saving a checkpoint at iter:  1852000
Iteration  1854000 :    Loss-adversarial =   0.0265
...saving a checkpoint at iter:  1854000
Iteration  1856000 :    Loss-adversarial =   0.0184
...saving a checkpoint at iter:  1856000
Iteration  1858000 :    Loss-adversarial =   0.0125
...saving a checkpoint at iter:  1858000
Iteration  1860000 :    Loss-adversarial =   0.0097
...saving a checkpoint at iter:  1860000
Iteration  1862000 :    Loss-adversarial =   0.0097
...saving a checkpoint at iter:  1862000
Iteration  1864000 :    Loss-adversarial =   0.0104
...saving a checkpoint at iter:  1864000
Iteration  1866000 :    Loss-adversarial =   0.0072
...saving a checkpoint at iter:  1866000
Iteration  1868000 :    Loss-adversarial =   0.0107
...saving a checkpoint at iter:  1868000
Iteration  1870000 :    Loss-adversarial =   0.0125
...saving a checkpoint at iter:  1870000
Iteration  1872000 :    Loss-adversarial =   0.0095
...saving a checkpoint at iter:  1872000
Iteration  1874000 :    Loss-adversarial =   0.0083
...saving a checkpoint at iter:  1874000
Iteration  1876000 :    Loss-adversarial =   0.0092
...saving a checkpoint at iter:  1876000
Iteration  1878000 :    Loss-adversarial =   0.0109
...saving a checkpoint at iter:  1878000
Iteration  1880000 :    Loss-adversarial =   0.0091
...saving a checkpoint at iter:  1880000
Iteration  1882000 :    Loss-adversarial =   0.0073
...saving a checkpoint at iter:  1882000
Iteration  1884000 :    Loss-adversarial =   0.0074
...saving a checkpoint at iter:  1884000
Iteration  1886000 :    Loss-adversarial =   0.0116
...saving a checkpoint at iter:  1886000
Iteration  1888000 :    Loss-adversarial =   0.0057
...saving a checkpoint at iter:  1888000
Iteration  1890000 :    Loss-adversarial =   0.0087
...saving a checkpoint at iter:  1890000
Iteration  1892000 :    Loss-adversarial =   0.0067
...saving a checkpoint at iter:  1892000
Iteration  1894000 :    Loss-adversarial =   0.0102
...saving a checkpoint at iter:  1894000
Iteration  1896000 :    Loss-adversarial =   0.0071
...saving a checkpoint at iter:  1896000
Iteration  1898000 :    Loss-adversarial =   0.0081
...saving a checkpoint at iter:  1898000
Iteration  1900000 :    Loss-adversarial =   0.0110
...saving a checkpoint at iter:  1900000
Iteration  1902000 :    Loss-adversarial =   0.0081
...saving a checkpoint at iter:  1902000
Iteration  1904000 :    Loss-adversarial =   0.0062
...saving a checkpoint at iter:  1904000
Iteration  1906000 :    Loss-adversarial =   0.0070
...saving a checkpoint at iter:  1906000
Iteration  1908000 :    Loss-adversarial =   0.0087
...saving a checkpoint at iter:  1908000
Iteration  1910000 :    Loss-adversarial =   0.0080
...saving a checkpoint at iter:  1910000
Iteration  1912000 :    Loss-adversarial =   0.0095
...saving a checkpoint at iter:  1912000
Iteration  1914000 :    Loss-adversarial =   0.0120
...saving a checkpoint at iter:  1914000
Iteration  1916000 :    Loss-adversarial =   0.0087
...saving a checkpoint at iter:  1916000
Iteration  1918000 :    Loss-adversarial =   0.0091
...saving a checkpoint at iter:  1918000
Iteration  1920000 :    Loss-adversarial =   0.0084
...saving a checkpoint at iter:  1920000
Iteration  1922000 :    Loss-adversarial =   0.0097
...saving a checkpoint at iter:  1922000
Iteration  1924000 :    Loss-adversarial =   0.0107
...saving a checkpoint at iter:  1924000
Iteration  1926000 :    Loss-adversarial =   0.0086
...saving a checkpoint at iter:  1926000
Iteration  1928000 :    Loss-adversarial =   0.0080
...saving a checkpoint at iter:  1928000
Iteration  1930000 :    Loss-adversarial =   0.0092
...saving a checkpoint at iter:  1930000
Iteration  1932000 :    Loss-adversarial =   0.0068
...saving a checkpoint at iter:  1932000
Iteration  1934000 :    Loss-adversarial =   0.0081
...saving a checkpoint at iter:  1934000
Iteration  1936000 :    Loss-adversarial =   0.0068
...saving a checkpoint at iter:  1936000
Iteration  1938000 :    Loss-adversarial =   0.0091
...saving a checkpoint at iter:  1938000
Iteration  1940000 :    Loss-adversarial =   0.0081
...saving a checkpoint at iter:  1940000
Iteration  1942000 :    Loss-adversarial =   0.0083
...saving a checkpoint at iter:  1942000
Iteration  1944000 :    Loss-adversarial =   0.0069
...saving a checkpoint at iter:  1944000
Iteration  1946000 :    Loss-adversarial =   0.0093
...saving a checkpoint at iter:  1946000
Iteration  1948000 :    Loss-adversarial =   0.0086
...saving a checkpoint at iter:  1948000
Iteration  1950000 :    Loss-adversarial =   0.0077
...saving a checkpoint at iter:  1950000
Iteration  1952000 :    Loss-adversarial =   0.0078
...saving a checkpoint at iter:  1952000
Iteration  1954000 :    Loss-adversarial =   0.0103
...saving a checkpoint at iter:  1954000
Iteration  1956000 :    Loss-adversarial =   0.0073
...saving a checkpoint at iter:  1956000
Iteration  1958000 :    Loss-adversarial =   0.0089
...saving a checkpoint at iter:  1958000
Iteration  1960000 :    Loss-adversarial =   0.0084
...saving a checkpoint at iter:  1960000
Iteration  1962000 :    Loss-adversarial =   0.0080
...saving a checkpoint at iter:  1962000
Iteration  1964000 :    Loss-adversarial =   0.0128
...saving a checkpoint at iter:  1964000
Iteration  1966000 :    Loss-adversarial =   0.0087
...saving a checkpoint at iter:  1966000
Iteration  1968000 :    Loss-adversarial =   0.0073
...saving a checkpoint at iter:  1968000
Iteration  1970000 :    Loss-adversarial =   0.0081
...saving a checkpoint at iter:  1970000
Iteration  1972000 :    Loss-adversarial =   0.0101
...saving a checkpoint at iter:  1972000
Iteration  1974000 :    Loss-adversarial =   0.0083
...saving a checkpoint at iter:  1974000
Iteration  1976000 :    Loss-adversarial =   0.0072
...saving a checkpoint at iter:  1976000
Iteration  1978000 :    Loss-adversarial =   0.0058
...saving a checkpoint at iter:  1978000
Iteration  1980000 :    Loss-adversarial =   0.0099
...saving a checkpoint at iter:  1980000
Iteration  1982000 :    Loss-adversarial =   0.0128
...saving a checkpoint at iter:  1982000
Iteration  1984000 :    Loss-adversarial =   0.0078
...saving a checkpoint at iter:  1984000
Iteration  1986000 :    Loss-adversarial =   0.0097
...saving a checkpoint at iter:  1986000
Iteration  1988000 :    Loss-adversarial =   0.0092
...saving a checkpoint at iter:  1988000
Iteration  1990000 :    Loss-adversarial =   0.0102
...saving a checkpoint at iter:  1990000
Iteration  1992000 :    Loss-adversarial =   0.0101
...saving a checkpoint at iter:  1992000
Iteration  1994000 :    Loss-adversarial =   0.0086
...saving a checkpoint at iter:  1994000
Iteration  1996000 :    Loss-adversarial =   0.0094
...saving a checkpoint at iter:  1996000
Iteration  1998000 :    Loss-adversarial =   0.0105
...saving a checkpoint at iter:  1998000
Iteration  2000000 :    Loss-adversarial =   0.0115
...saving a checkpoint at iter:  2000000
Iteration  2002000 :    Loss-adversarial =   0.0104
...saving a checkpoint at iter:  2002000
Iteration  2004000 :    Loss-adversarial =   0.0106
...saving a checkpoint at iter:  2004000
Iteration  2006000 :    Loss-adversarial =   0.0119
...saving a checkpoint at iter:  2006000
Iteration  2008000 :    Loss-adversarial =   0.0092
...saving a checkpoint at iter:  2008000
Iteration  2010000 :    Loss-adversarial =   0.0094
...saving a checkpoint at iter:  2010000
Iteration  2012000 :    Loss-adversarial =   0.0081
...saving a checkpoint at iter:  2012000
Iteration  2014000 :    Loss-adversarial =   0.0075
...saving a checkpoint at iter:  2014000
Iteration  2016000 :    Loss-adversarial =   0.0075
...saving a checkpoint at iter:  2016000
Iteration  2018000 :    Loss-adversarial =   0.0076
...saving a checkpoint at iter:  2018000
Iteration  2020000 :    Loss-adversarial =   0.0081
...saving a checkpoint at iter:  2020000
Iteration  2022000 :    Loss-adversarial =   0.0082
...saving a checkpoint at iter:  2022000
Iteration  2024000 :    Loss-adversarial =   0.0118
...saving a checkpoint at iter:  2024000
Iteration  2026000 :    Loss-adversarial =   0.0104
...saving a checkpoint at iter:  2026000
Iteration  2028000 :    Loss-adversarial =   0.0077
...saving a checkpoint at iter:  2028000
Iteration  2030000 :    Loss-adversarial =   0.0074
...saving a checkpoint at iter:  2030000
Iteration  2032000 :    Loss-adversarial =   0.0077
...saving a checkpoint at iter:  2032000
Iteration  2034000 :    Loss-adversarial =   0.0100
...saving a checkpoint at iter:  2034000
Iteration  2036000 :    Loss-adversarial =   0.0110
...saving a checkpoint at iter:  2036000
Iteration  2038000 :    Loss-adversarial =   0.0082
...saving a checkpoint at iter:  2038000
Iteration  2040000 :    Loss-adversarial =   0.0112
...saving a checkpoint at iter:  2040000
Iteration  2042000 :    Loss-adversarial =   0.0109
...saving a checkpoint at iter:  2042000
Iteration  2044000 :    Loss-adversarial =   0.0104
...saving a checkpoint at iter:  2044000
Iteration  2046000 :    Loss-adversarial =   0.0073
...saving a checkpoint at iter:  2046000
Iteration  2048000 :    Loss-adversarial =   0.0084
...saving a checkpoint at iter:  2048000
Iteration  2050000 :    Loss-adversarial =   0.0106
...saving a checkpoint at iter:  2050000
Iteration  2052000 :    Loss-adversarial =   0.0105
...saving a checkpoint at iter:  2052000
Iteration  2054000 :    Loss-adversarial =   0.0104
...saving a checkpoint at iter:  2054000
Iteration  2056000 :    Loss-adversarial =   0.0073
...saving a checkpoint at iter:  2056000
Iteration  2058000 :    Loss-adversarial =   0.0071
...saving a checkpoint at iter:  2058000
Iteration  2060000 :    Loss-adversarial =   0.0088
...saving a checkpoint at iter:  2060000
Iteration  2062000 :    Loss-adversarial =   0.0094
...saving a checkpoint at iter:  2062000
Iteration  2064000 :    Loss-adversarial =   0.0074
...saving a checkpoint at iter:  2064000
Iteration  2066000 :    Loss-adversarial =   0.0097
...saving a checkpoint at iter:  2066000
Iteration  2068000 :    Loss-adversarial =   0.0074
...saving a checkpoint at iter:  2068000
Iteration  2070000 :    Loss-adversarial =   0.0079
...saving a checkpoint at iter:  2070000
Iteration  2072000 :    Loss-adversarial =   0.0119
...saving a checkpoint at iter:  2072000
Iteration  2074000 :    Loss-adversarial =   0.0101
...saving a checkpoint at iter:  2074000
Iteration  2076000 :    Loss-adversarial =   0.0055
...saving a checkpoint at iter:  2076000
Iteration  2078000 :    Loss-adversarial =   0.0063
...saving a checkpoint at iter:  2078000
Iteration  2080000 :    Loss-adversarial =   0.0099
...saving a checkpoint at iter:  2080000
Iteration  2082000 :    Loss-adversarial =   0.0067
...saving a checkpoint at iter:  2082000
Iteration  2084000 :    Loss-adversarial =   0.0092
...saving a checkpoint at iter:  2084000
Iteration  2086000 :    Loss-adversarial =   0.0079
...saving a checkpoint at iter:  2086000
Iteration  2088000 :    Loss-adversarial =   0.0079
...saving a checkpoint at iter:  2088000
Iteration  2090000 :    Loss-adversarial =   0.0102
...saving a checkpoint at iter:  2090000
Iteration  2092000 :    Loss-adversarial =   0.0077
...saving a checkpoint at iter:  2092000
Iteration  2094000 :    Loss-adversarial =   0.0054
...saving a checkpoint at iter:  2094000
Iteration  2096000 :    Loss-adversarial =   0.0086
...saving a checkpoint at iter:  2096000
Iteration  2098000 :    Loss-adversarial =   0.0078
...saving a checkpoint at iter:  2098000
Iteration  2100000 :    Loss-adversarial =   0.0077
...saving a checkpoint at iter:  2100000
Iteration  2102000 :    Loss-adversarial =   0.0090
...saving a checkpoint at iter:  2102000
Iteration  2104000 :    Loss-adversarial =   0.0077
...saving a checkpoint at iter:  2104000
Iteration  2106000 :    Loss-adversarial =   0.0091
...saving a checkpoint at iter:  2106000
Iteration  2108000 :    Loss-adversarial =   0.0057
...saving a checkpoint at iter:  2108000
Iteration  2110000 :    Loss-adversarial =   0.0070
...saving a checkpoint at iter:  2110000
Iteration  2112000 :    Loss-adversarial =   0.0089
...saving a checkpoint at iter:  2112000
Iteration  2114000 :    Loss-adversarial =   0.0063
...saving a checkpoint at iter:  2114000
Iteration  2116000 :    Loss-adversarial =   0.0098
...saving a checkpoint at iter:  2116000
Iteration  2118000 :    Loss-adversarial =   0.0102
...saving a checkpoint at iter:  2118000
Iteration  2120000 :    Loss-adversarial =   0.0054
...saving a checkpoint at iter:  2120000
Iteration  2122000 :    Loss-adversarial =   0.0106
...saving a checkpoint at iter:  2122000
Iteration  2124000 :    Loss-adversarial =   0.0087
...saving a checkpoint at iter:  2124000
Iteration  2126000 :    Loss-adversarial =   0.0096
...saving a checkpoint at iter:  2126000
Iteration  2128000 :    Loss-adversarial =   0.0136
...saving a checkpoint at iter:  2128000
Iteration  2130000 :    Loss-adversarial =   0.0113
...saving a checkpoint at iter:  2130000
Iteration  2132000 :    Loss-adversarial =   0.0113
...saving a checkpoint at iter:  2132000
Iteration  2134000 :    Loss-adversarial =   0.0084
...saving a checkpoint at iter:  2134000
Iteration  2136000 :    Loss-adversarial =   0.0068
...saving a checkpoint at iter:  2136000
Iteration  2138000 :    Loss-adversarial =   0.0076
...saving a checkpoint at iter:  2138000
Iteration  2140000 :    Loss-adversarial =   0.0087
...saving a checkpoint at iter:  2140000
Iteration  2142000 :    Loss-adversarial =   0.0097
...saving a checkpoint at iter:  2142000
Iteration  2144000 :    Loss-adversarial =   0.0096
...saving a checkpoint at iter:  2144000
Iteration  2146000 :    Loss-adversarial =   0.0089
...saving a checkpoint at iter:  2146000
Iteration  2148000 :    Loss-adversarial =   0.0083
...saving a checkpoint at iter:  2148000
Iteration  2150000 :    Loss-adversarial =   0.0075
...saving a checkpoint at iter:  2150000
Iteration  2152000 :    Loss-adversarial =   0.0086
...saving a checkpoint at iter:  2152000
Iteration  2154000 :    Loss-adversarial =   0.0068
...saving a checkpoint at iter:  2154000
Iteration  2156000 :    Loss-adversarial =   0.0070
...saving a checkpoint at iter:  2156000
Iteration  2158000 :    Loss-adversarial =   0.0089
...saving a checkpoint at iter:  2158000
Iteration  2160000 :    Loss-adversarial =   0.0092
...saving a checkpoint at iter:  2160000
Iteration  2162000 :    Loss-adversarial =   0.0111
...saving a checkpoint at iter:  2162000
Iteration  2164000 :    Loss-adversarial =   0.0050
...saving a checkpoint at iter:  2164000
Iteration  2166000 :    Loss-adversarial =   0.0089
...saving a checkpoint at iter:  2166000
Iteration  2168000 :    Loss-adversarial =   0.0099
...saving a checkpoint at iter:  2168000
Iteration  2170000 :    Loss-adversarial =   0.0078
...saving a checkpoint at iter:  2170000
Iteration  2172000 :    Loss-adversarial =   0.0070
...saving a checkpoint at iter:  2172000
Iteration  2174000 :    Loss-adversarial =   0.0083
...saving a checkpoint at iter:  2174000
Iteration  2176000 :    Loss-adversarial =   0.0070
...saving a checkpoint at iter:  2176000
Iteration  2178000 :    Loss-adversarial =   0.0084
...saving a checkpoint at iter:  2178000
Iteration  2180000 :    Loss-adversarial =   0.0121
...saving a checkpoint at iter:  2180000
Iteration  2182000 :    Loss-adversarial =   0.0086
...saving a checkpoint at iter:  2182000
Iteration  2184000 :    Loss-adversarial =   0.0074
...saving a checkpoint at iter:  2184000
Iteration  2186000 :    Loss-adversarial =   0.0084
...saving a checkpoint at iter:  2186000
Iteration  2188000 :    Loss-adversarial =   0.0099
...saving a checkpoint at iter:  2188000
Iteration  2190000 :    Loss-adversarial =   0.0104
...saving a checkpoint at iter:  2190000
Iteration  2192000 :    Loss-adversarial =   0.0081
...saving a checkpoint at iter:  2192000
Iteration  2194000 :    Loss-adversarial =   0.0084
...saving a checkpoint at iter:  2194000
Iteration  2196000 :    Loss-adversarial =   0.0097
...saving a checkpoint at iter:  2196000
Iteration  2198000 :    Loss-adversarial =   0.0104
...saving a checkpoint at iter:  2198000
Iteration  2200000 :    Loss-adversarial =   0.0108
...saving a checkpoint at iter:  2200000
Iteration  2202000 :    Loss-adversarial =   0.0073
...saving a checkpoint at iter:  2202000
Iteration  2204000 :    Loss-adversarial =   0.0088
...saving a checkpoint at iter:  2204000
Iteration  2206000 :    Loss-adversarial =   0.0078
...saving a checkpoint at iter:  2206000
Iteration  2208000 :    Loss-adversarial =   0.0076
...saving a checkpoint at iter:  2208000
Iteration  2210000 :    Loss-adversarial =   0.0070
...saving a checkpoint at iter:  2210000
Iteration  2212000 :    Loss-adversarial =   0.0088
...saving a checkpoint at iter:  2212000
Iteration  2214000 :    Loss-adversarial =   0.0088
...saving a checkpoint at iter:  2214000
Iteration  2216000 :    Loss-adversarial =   0.0094
...saving a checkpoint at iter:  2216000
Iteration  2218000 :    Loss-adversarial =   0.0068
...saving a checkpoint at iter:  2218000
Iteration  2220000 :    Loss-adversarial =   0.0088
...saving a checkpoint at iter:  2220000
Iteration  2222000 :    Loss-adversarial =   0.0082
...saving a checkpoint at iter:  2222000
Iteration  2224000 :    Loss-adversarial =   0.0082
...saving a checkpoint at iter:  2224000
Iteration  2226000 :    Loss-adversarial =   0.0093
...saving a checkpoint at iter:  2226000
Iteration  2228000 :    Loss-adversarial =   0.0086
...saving a checkpoint at iter:  2228000
Iteration  2230000 :    Loss-adversarial =   0.0092
...saving a checkpoint at iter:  2230000
Iteration  2232000 :    Loss-adversarial =   0.0069
...saving a checkpoint at iter:  2232000
Iteration  2234000 :    Loss-adversarial =   0.0117
...saving a checkpoint at iter:  2234000
Iteration  2236000 :    Loss-adversarial =   0.0092
...saving a checkpoint at iter:  2236000
Iteration  2238000 :    Loss-adversarial =   0.0105
...saving a checkpoint at iter:  2238000
Iteration  2240000 :    Loss-adversarial =   0.0097
...saving a checkpoint at iter:  2240000
Iteration  2242000 :    Loss-adversarial =   0.0092
...saving a checkpoint at iter:  2242000
Iteration  2244000 :    Loss-adversarial =   0.0073
...saving a checkpoint at iter:  2244000
Iteration  2246000 :    Loss-adversarial =   0.0097
...saving a checkpoint at iter:  2246000
Iteration  2248000 :    Loss-adversarial =   0.0090
...saving a checkpoint at iter:  2248000
Iteration  2250000 :    Loss-adversarial =   0.0071
...saving a checkpoint at iter:  2250000
Iteration  2252000 :    Loss-adversarial =   0.0089
...saving a checkpoint at iter:  2252000
Iteration  2254000 :    Loss-adversarial =   0.0054
...saving a checkpoint at iter:  2254000
Iteration  2256000 :    Loss-adversarial =   0.0090
...saving a checkpoint at iter:  2256000
Iteration  2258000 :    Loss-adversarial =   0.0100
...saving a checkpoint at iter:  2258000
Iteration  2260000 :    Loss-adversarial =   0.0061
...saving a checkpoint at iter:  2260000
Iteration  2262000 :    Loss-adversarial =   0.0088
...saving a checkpoint at iter:  2262000
Iteration  2264000 :    Loss-adversarial =   0.0076
...saving a checkpoint at iter:  2264000
Iteration  2266000 :    Loss-adversarial =   0.0088
...saving a checkpoint at iter:  2266000
Iteration  2268000 :    Loss-adversarial =   0.0094
...saving a checkpoint at iter:  2268000
Iteration  2270000 :    Loss-adversarial =   0.0100
...saving a checkpoint at iter:  2270000
Iteration  2272000 :    Loss-adversarial =   0.0115
...saving a checkpoint at iter:  2272000
Iteration  2274000 :    Loss-adversarial =   0.0069
...saving a checkpoint at iter:  2274000
Iteration  2276000 :    Loss-adversarial =   0.0081
...saving a checkpoint at iter:  2276000
Iteration  2278000 :    Loss-adversarial =   0.0109
...saving a checkpoint at iter:  2278000
Iteration  2280000 :    Loss-adversarial =   0.0088
...saving a checkpoint at iter:  2280000
Iteration  2282000 :    Loss-adversarial =   0.0056
...saving a checkpoint at iter:  2282000
Iteration  2284000 :    Loss-adversarial =   0.0064
...saving a checkpoint at iter:  2284000
Iteration  2286000 :    Loss-adversarial =   0.0062
...saving a checkpoint at iter:  2286000
Iteration  2288000 :    Loss-adversarial =   0.0072
...saving a checkpoint at iter:  2288000
Iteration  2290000 :    Loss-adversarial =   0.0105
...saving a checkpoint at iter:  2290000
Iteration  2292000 :    Loss-adversarial =   0.0088
...saving a checkpoint at iter:  2292000
Iteration  2294000 :    Loss-adversarial =   0.0059
...saving a checkpoint at iter:  2294000
Iteration  2296000 :    Loss-adversarial =   0.0211
...saving a checkpoint at iter:  2296000
Iteration  2298000 :    Loss-adversarial =   0.0088
...saving a checkpoint at iter:  2298000
Iteration  2300000 :    Loss-adversarial =   0.0097
...saving a checkpoint at iter:  2300000
Iteration  2302000 :    Loss-adversarial =   0.0072
...saving a checkpoint at iter:  2302000
Iteration  2304000 :    Loss-adversarial =   0.0128
...saving a checkpoint at iter:  2304000
Iteration  2306000 :    Loss-adversarial =   0.0072
...saving a checkpoint at iter:  2306000
Iteration  2308000 :    Loss-adversarial =   0.0095
...saving a checkpoint at iter:  2308000
Iteration  2310000 :    Loss-adversarial =   0.0084
...saving a checkpoint at iter:  2310000
Iteration  2312000 :    Loss-adversarial =   0.0072
...saving a checkpoint at iter:  2312000
Iteration  2314000 :    Loss-adversarial =   0.0070
...saving a checkpoint at iter:  2314000
Iteration  2316000 :    Loss-adversarial =   0.0081
...saving a checkpoint at iter:  2316000
Iteration  2318000 :    Loss-adversarial =   0.0065
...saving a checkpoint at iter:  2318000
Iteration  2320000 :    Loss-adversarial =   0.0081
...saving a checkpoint at iter:  2320000
Iteration  2322000 :    Loss-adversarial =   0.0084
...saving a checkpoint at iter:  2322000
Iteration  2324000 :    Loss-adversarial =   0.0077
...saving a checkpoint at iter:  2324000
Iteration  2326000 :    Loss-adversarial =   0.0072
...saving a checkpoint at iter:  2326000
Iteration  2328000 :    Loss-adversarial =   0.0093
...saving a checkpoint at iter:  2328000
Iteration  2330000 :    Loss-adversarial =   0.0067
...saving a checkpoint at iter:  2330000
Iteration  2332000 :    Loss-adversarial =   0.0119
...saving a checkpoint at iter:  2332000
Iteration  2334000 :    Loss-adversarial =   0.0100
...saving a checkpoint at iter:  2334000
Iteration  2336000 :    Loss-adversarial =   0.0084
...saving a checkpoint at iter:  2336000
Iteration  2338000 :    Loss-adversarial =   0.0078
...saving a checkpoint at iter:  2338000
Iteration  2340000 :    Loss-adversarial =   0.0098
...saving a checkpoint at iter:  2340000
Iteration  2342000 :    Loss-adversarial =   0.0087
...saving a checkpoint at iter:  2342000
Iteration  2344000 :    Loss-adversarial =   0.0090
...saving a checkpoint at iter:  2344000
Iteration  2346000 :    Loss-adversarial =   0.0083
...saving a checkpoint at iter:  2346000
Iteration  2348000 :    Loss-adversarial =   0.0082
...saving a checkpoint at iter:  2348000
Iteration  2350000 :    Loss-adversarial =   0.0065
...saving a checkpoint at iter:  2350000
Iteration  2352000 :    Loss-adversarial =   0.0067
...saving a checkpoint at iter:  2352000
Iteration  2354000 :    Loss-adversarial =   0.0071
...saving a checkpoint at iter:  2354000
Iteration  2356000 :    Loss-adversarial =   0.0074
...saving a checkpoint at iter:  2356000
Iteration  2358000 :    Loss-adversarial =   0.0103
...saving a checkpoint at iter:  2358000
Iteration  2360000 :    Loss-adversarial =   0.0077
...saving a checkpoint at iter:  2360000
Iteration  2362000 :    Loss-adversarial =   0.0087
...saving a checkpoint at iter:  2362000
Iteration  2364000 :    Loss-adversarial =   0.0072
...saving a checkpoint at iter:  2364000
Iteration  2366000 :    Loss-adversarial =   0.0062
...saving a checkpoint at iter:  2366000
Iteration  2368000 :    Loss-adversarial =   0.0078
...saving a checkpoint at iter:  2368000
Iteration  2370000 :    Loss-adversarial =   0.0057
...saving a checkpoint at iter:  2370000
Iteration  2372000 :    Loss-adversarial =   0.0128
...saving a checkpoint at iter:  2372000
Iteration  2374000 :    Loss-adversarial =   0.0097
...saving a checkpoint at iter:  2374000
Iteration  2376000 :    Loss-adversarial =   0.0067
...saving a checkpoint at iter:  2376000
Iteration  2378000 :    Loss-adversarial =   0.0080
...saving a checkpoint at iter:  2378000
Iteration  2380000 :    Loss-adversarial =   0.0091
...saving a checkpoint at iter:  2380000
Iteration  2382000 :    Loss-adversarial =   0.0104
...saving a checkpoint at iter:  2382000
Iteration  2384000 :    Loss-adversarial =   0.0092
...saving a checkpoint at iter:  2384000
Iteration  2386000 :    Loss-adversarial =   0.0074
...saving a checkpoint at iter:  2386000
Iteration  2388000 :    Loss-adversarial =   0.0095
...saving a checkpoint at iter:  2388000
Iteration  2390000 :    Loss-adversarial =   0.0078
...saving a checkpoint at iter:  2390000
Iteration  2392000 :    Loss-adversarial =   0.0071
...saving a checkpoint at iter:  2392000
Iteration  2394000 :    Loss-adversarial =   0.0124
...saving a checkpoint at iter:  2394000
Iteration  2396000 :    Loss-adversarial =   0.0094
...saving a checkpoint at iter:  2396000
Iteration  2398000 :    Loss-adversarial =   0.0092
...saving a checkpoint at iter:  2398000
Iteration  2400000 :    Loss-adversarial =   0.0072
...saving a checkpoint at iter:  2400000
Iteration  2402000 :    Loss-adversarial =   0.0053
...saving a checkpoint at iter:  2402000
Iteration  2404000 :    Loss-adversarial =   0.0092
...saving a checkpoint at iter:  2404000
Iteration  2406000 :    Loss-adversarial =   0.0060
...saving a checkpoint at iter:  2406000
Iteration  2408000 :    Loss-adversarial =   0.0075
...saving a checkpoint at iter:  2408000
Iteration  2410000 :    Loss-adversarial =   0.0106
...saving a checkpoint at iter:  2410000
Iteration  2412000 :    Loss-adversarial =   0.0064
...saving a checkpoint at iter:  2412000
Iteration  2414000 :    Loss-adversarial =   0.0102
...saving a checkpoint at iter:  2414000
Iteration  2416000 :    Loss-adversarial =   0.0096
...saving a checkpoint at iter:  2416000
Iteration  2418000 :    Loss-adversarial =   0.0099
...saving a checkpoint at iter:  2418000
Iteration  2420000 :    Loss-adversarial =   0.0064
...saving a checkpoint at iter:  2420000
Iteration  2422000 :    Loss-adversarial =   0.0105
...saving a checkpoint at iter:  2422000
Iteration  2424000 :    Loss-adversarial =   0.0065
...saving a checkpoint at iter:  2424000
Iteration  2426000 :    Loss-adversarial =   0.0069
...saving a checkpoint at iter:  2426000
Iteration  2428000 :    Loss-adversarial =   0.0079
...saving a checkpoint at iter:  2428000
Iteration  2430000 :    Loss-adversarial =   0.0067
...saving a checkpoint at iter:  2430000
Iteration  2432000 :    Loss-adversarial =   0.0079
...saving a checkpoint at iter:  2432000
Iteration  2434000 :    Loss-adversarial =   0.0079
...saving a checkpoint at iter:  2434000
Iteration  2436000 :    Loss-adversarial =   0.0083
...saving a checkpoint at iter:  2436000
Iteration  2438000 :    Loss-adversarial =   0.0081
...saving a checkpoint at iter:  2438000
Iteration  2440000 :    Loss-adversarial =   0.0077
...saving a checkpoint at iter:  2440000
Iteration  2442000 :    Loss-adversarial =   0.0079
...saving a checkpoint at iter:  2442000
Iteration  2444000 :    Loss-adversarial =   0.0078
...saving a checkpoint at iter:  2444000
Iteration  2446000 :    Loss-adversarial =   0.0095
...saving a checkpoint at iter:  2446000
Iteration  2448000 :    Loss-adversarial =   0.0070
...saving a checkpoint at iter:  2448000
Iteration  2450000 :    Loss-adversarial =   0.0121
...saving a checkpoint at iter:  2450000
Iteration  2452000 :    Loss-adversarial =   0.0068
...saving a checkpoint at iter:  2452000
Iteration  2454000 :    Loss-adversarial =   0.0067
...saving a checkpoint at iter:  2454000
Iteration  2456000 :    Loss-adversarial =   0.0094
...saving a checkpoint at iter:  2456000
Iteration  2458000 :    Loss-adversarial =   0.0095
...saving a checkpoint at iter:  2458000
Iteration  2460000 :    Loss-adversarial =   0.0086
...saving a checkpoint at iter:  2460000
Iteration  2462000 :    Loss-adversarial =   0.0073
...saving a checkpoint at iter:  2462000
Iteration  2464000 :    Loss-adversarial =   0.0118
...saving a checkpoint at iter:  2464000
Iteration  2466000 :    Loss-adversarial =   0.0104
...saving a checkpoint at iter:  2466000
Iteration  2468000 :    Loss-adversarial =   0.0112
...saving a checkpoint at iter:  2468000
Iteration  2470000 :    Loss-adversarial =   0.0104
...saving a checkpoint at iter:  2470000
Iteration  2472000 :    Loss-adversarial =   0.0087
...saving a checkpoint at iter:  2472000
Iteration  2474000 :    Loss-adversarial =   0.0082
...saving a checkpoint at iter:  2474000
Iteration  2476000 :    Loss-adversarial =   0.0077
...saving a checkpoint at iter:  2476000
Iteration  2478000 :    Loss-adversarial =   0.0088
...saving a checkpoint at iter:  2478000
Iteration  2480000 :    Loss-adversarial =   0.0100
...saving a checkpoint at iter:  2480000
Iteration  2482000 :    Loss-adversarial =   0.0063
...saving a checkpoint at iter:  2482000
Iteration  2484000 :    Loss-adversarial =   0.0112
...saving a checkpoint at iter:  2484000
Iteration  2486000 :    Loss-adversarial =   0.0082
...saving a checkpoint at iter:  2486000
Iteration  2488000 :    Loss-adversarial =   0.0070
...saving a checkpoint at iter:  2488000
Iteration  2490000 :    Loss-adversarial =   0.0073
...saving a checkpoint at iter:  2490000
Iteration  2492000 :    Loss-adversarial =   0.0092
...saving a checkpoint at iter:  2492000
Iteration  2494000 :    Loss-adversarial =   0.0085
...saving a checkpoint at iter:  2494000
Iteration  2496000 :    Loss-adversarial =   0.0082
...saving a checkpoint at iter:  2496000
Iteration  2498000 :    Loss-adversarial =   0.0098
...saving a checkpoint at iter:  2498000
Iteration  2500000 :    Loss-adversarial =   0.0069
...saving a checkpoint at iter:  2500000
Iteration  2502000 :    Loss-adversarial =   0.0069
...saving a checkpoint at iter:  2502000
Iteration  2504000 :    Loss-adversarial =   0.0080
...saving a checkpoint at iter:  2504000
Iteration  2506000 :    Loss-adversarial =   0.0084
...saving a checkpoint at iter:  2506000
Iteration  2508000 :    Loss-adversarial =   0.0103
...saving a checkpoint at iter:  2508000
Iteration  2510000 :    Loss-adversarial =   0.0093
...saving a checkpoint at iter:  2510000
Iteration  2512000 :    Loss-adversarial =   0.0077
...saving a checkpoint at iter:  2512000
Iteration  2514000 :    Loss-adversarial =   0.0096
...saving a checkpoint at iter:  2514000
Iteration  2516000 :    Loss-adversarial =   0.0090
...saving a checkpoint at iter:  2516000
Iteration  2518000 :    Loss-adversarial =   0.0075
...saving a checkpoint at iter:  2518000
Iteration  2520000 :    Loss-adversarial =   0.0080
...saving a checkpoint at iter:  2520000
Iteration  2522000 :    Loss-adversarial =   0.0104
...saving a checkpoint at iter:  2522000
Iteration  2524000 :    Loss-adversarial =   0.0101
...saving a checkpoint at iter:  2524000
Iteration  2526000 :    Loss-adversarial =   0.0088
...saving a checkpoint at iter:  2526000
Iteration  2528000 :    Loss-adversarial =   0.0075
...saving a checkpoint at iter:  2528000
Iteration  2530000 :    Loss-adversarial =   0.0065
...saving a checkpoint at iter:  2530000
Iteration  2532000 :    Loss-adversarial =   0.0080
...saving a checkpoint at iter:  2532000
Iteration  2534000 :    Loss-adversarial =   0.0339
...saving a checkpoint at iter:  2534000
Iteration  2536000 :    Loss-adversarial =   0.0106
...saving a checkpoint at iter:  2536000
Iteration  2538000 :    Loss-adversarial =   0.0133
...saving a checkpoint at iter:  2538000
Iteration  2540000 :    Loss-adversarial =   0.0081
...saving a checkpoint at iter:  2540000
Iteration  2542000 :    Loss-adversarial =   0.0083
...saving a checkpoint at iter:  2542000
Iteration  2544000 :    Loss-adversarial =   0.0061
...saving a checkpoint at iter:  2544000
Iteration  2546000 :    Loss-adversarial =   0.0073
...saving a checkpoint at iter:  2546000
Iteration  2548000 :    Loss-adversarial =   0.0095
...saving a checkpoint at iter:  2548000
Iteration  2550000 :    Loss-adversarial =   0.0085
...saving a checkpoint at iter:  2550000
Iteration  2552000 :    Loss-adversarial =   0.0091
...saving a checkpoint at iter:  2552000
Iteration  2554000 :    Loss-adversarial =   0.0095
...saving a checkpoint at iter:  2554000
Iteration  2556000 :    Loss-adversarial =   0.0067
...saving a checkpoint at iter:  2556000
Iteration  2558000 :    Loss-adversarial =   0.0116
...saving a checkpoint at iter:  2558000
Iteration  2560000 :    Loss-adversarial =   0.0107
...saving a checkpoint at iter:  2560000
Iteration  2562000 :    Loss-adversarial =   0.0061
...saving a checkpoint at iter:  2562000
Iteration  2564000 :    Loss-adversarial =   0.0100
...saving a checkpoint at iter:  2564000
Iteration  2566000 :    Loss-adversarial =   0.0115
...saving a checkpoint at iter:  2566000
Iteration  2568000 :    Loss-adversarial =   0.0087
...saving a checkpoint at iter:  2568000
Iteration  2570000 :    Loss-adversarial =   0.0118
...saving a checkpoint at iter:  2570000
Iteration  2572000 :    Loss-adversarial =   0.0094
...saving a checkpoint at iter:  2572000
Iteration  2574000 :    Loss-adversarial =   0.0081
...saving a checkpoint at iter:  2574000
Iteration  2576000 :    Loss-adversarial =   0.0082
...saving a checkpoint at iter:  2576000
Iteration  2578000 :    Loss-adversarial =   0.0071
...saving a checkpoint at iter:  2578000
Iteration  2580000 :    Loss-adversarial =   0.0098
...saving a checkpoint at iter:  2580000
Iteration  2582000 :    Loss-adversarial =   0.0122
...saving a checkpoint at iter:  2582000
Iteration  2584000 :    Loss-adversarial =   0.0097
...saving a checkpoint at iter:  2584000
Iteration  2586000 :    Loss-adversarial =   0.0087
...saving a checkpoint at iter:  2586000
Iteration  2588000 :    Loss-adversarial =   0.0075
...saving a checkpoint at iter:  2588000
Iteration  2590000 :    Loss-adversarial =   0.0093
...saving a checkpoint at iter:  2590000
Iteration  2592000 :    Loss-adversarial =   0.0137
...saving a checkpoint at iter:  2592000
Iteration  2594000 :    Loss-adversarial =   0.0089
...saving a checkpoint at iter:  2594000
Iteration  2596000 :    Loss-adversarial =   0.0195
...saving a checkpoint at iter:  2596000
Iteration  2598000 :    Loss-adversarial =   0.0092
...saving a checkpoint at iter:  2598000
Iteration  2600000 :    Loss-adversarial =   0.0058
...saving a checkpoint at iter:  2600000
Iteration  2602000 :    Loss-adversarial =   0.0074
...saving a checkpoint at iter:  2602000
Iteration  2604000 :    Loss-adversarial =   0.0064
...saving a checkpoint at iter:  2604000
Iteration  2606000 :    Loss-adversarial =   0.0105
...saving a checkpoint at iter:  2606000
Iteration  2608000 :    Loss-adversarial =   0.0064
...saving a checkpoint at iter:  2608000
Iteration  2610000 :    Loss-adversarial =   0.0089
...saving a checkpoint at iter:  2610000
Iteration  2612000 :    Loss-adversarial =   0.0104
...saving a checkpoint at iter:  2612000
Iteration  2614000 :    Loss-adversarial =   0.0081
...saving a checkpoint at iter:  2614000
Iteration  2616000 :    Loss-adversarial =   0.0063
...saving a checkpoint at iter:  2616000
Iteration  2618000 :    Loss-adversarial =   0.0081
...saving a checkpoint at iter:  2618000
Iteration  2620000 :    Loss-adversarial =   0.0070
...saving a checkpoint at iter:  2620000
Iteration  2622000 :    Loss-adversarial =   0.0087
...saving a checkpoint at iter:  2622000
Iteration  2624000 :    Loss-adversarial =   0.0075
...saving a checkpoint at iter:  2624000
Iteration  2626000 :    Loss-adversarial =   0.0105
...saving a checkpoint at iter:  2626000
Iteration  2628000 :    Loss-adversarial =   0.0071
...saving a checkpoint at iter:  2628000
Iteration  2630000 :    Loss-adversarial =   0.0060
...saving a checkpoint at iter:  2630000
Iteration  2632000 :    Loss-adversarial =   0.0080
...saving a checkpoint at iter:  2632000
Iteration  2634000 :    Loss-adversarial =   0.0110
...saving a checkpoint at iter:  2634000
Iteration  2636000 :    Loss-adversarial =   0.0090
...saving a checkpoint at iter:  2636000
Iteration  2638000 :    Loss-adversarial =   0.0081
...saving a checkpoint at iter:  2638000
Iteration  2640000 :    Loss-adversarial =   0.0081
...saving a checkpoint at iter:  2640000
Iteration  2642000 :    Loss-adversarial =   0.0097
...saving a checkpoint at iter:  2642000
Iteration  2644000 :    Loss-adversarial =   0.0082
...saving a checkpoint at iter:  2644000
Iteration  2646000 :    Loss-adversarial =   0.0086
...saving a checkpoint at iter:  2646000
Iteration  2648000 :    Loss-adversarial =   0.0080
...saving a checkpoint at iter:  2648000
Iteration  2650000 :    Loss-adversarial =   0.0081
...saving a checkpoint at iter:  2650000
Iteration  2652000 :    Loss-adversarial =   0.0094
...saving a checkpoint at iter:  2652000
Iteration  2654000 :    Loss-adversarial =   0.0060
...saving a checkpoint at iter:  2654000
Iteration  2656000 :    Loss-adversarial =   0.0090
...saving a checkpoint at iter:  2656000
Iteration  2658000 :    Loss-adversarial =   0.0073
...saving a checkpoint at iter:  2658000
Iteration  2660000 :    Loss-adversarial =   0.0107
...saving a checkpoint at iter:  2660000
Iteration  2662000 :    Loss-adversarial =   0.0081
...saving a checkpoint at iter:  2662000
Iteration  2664000 :    Loss-adversarial =   0.0150
...saving a checkpoint at iter:  2664000
Iteration  2666000 :    Loss-adversarial =   0.0089
...saving a checkpoint at iter:  2666000
Iteration  2668000 :    Loss-adversarial =   0.0077
...saving a checkpoint at iter:  2668000
Iteration  2670000 :    Loss-adversarial =   0.0084
...saving a checkpoint at iter:  2670000
Iteration  2672000 :    Loss-adversarial =   0.0075
...saving a checkpoint at iter:  2672000
Iteration  2674000 :    Loss-adversarial =   0.0065
...saving a checkpoint at iter:  2674000
Iteration  2676000 :    Loss-adversarial =   0.0076
...saving a checkpoint at iter:  2676000
Iteration  2678000 :    Loss-adversarial =   0.0080
...saving a checkpoint at iter:  2678000
Iteration  2680000 :    Loss-adversarial =   0.0102
...saving a checkpoint at iter:  2680000
Iteration  2682000 :    Loss-adversarial =   0.0082
...saving a checkpoint at iter:  2682000
Iteration  2684000 :    Loss-adversarial =   0.0089
...saving a checkpoint at iter:  2684000
Iteration  2686000 :    Loss-adversarial =   0.0105
...saving a checkpoint at iter:  2686000
Iteration  2688000 :    Loss-adversarial =   0.0124
...saving a checkpoint at iter:  2688000
Iteration  2690000 :    Loss-adversarial =   0.0099
...saving a checkpoint at iter:  2690000
Iteration  2692000 :    Loss-adversarial =   0.0063
...saving a checkpoint at iter:  2692000
Iteration  2694000 :    Loss-adversarial =   0.0094
...saving a checkpoint at iter:  2694000
Iteration  2696000 :    Loss-adversarial =   0.0099
...saving a checkpoint at iter:  2696000
Iteration  2698000 :    Loss-adversarial =   0.0075
...saving a checkpoint at iter:  2698000
Iteration  2700000 :    Loss-adversarial =   0.0091
...saving a checkpoint at iter:  2700000
Iteration  2702000 :    Loss-adversarial =   0.0077
...saving a checkpoint at iter:  2702000
Iteration  2704000 :    Loss-adversarial =   0.0092
...saving a checkpoint at iter:  2704000
Iteration  2706000 :    Loss-adversarial =   0.0062
...saving a checkpoint at iter:  2706000
Iteration  2708000 :    Loss-adversarial =   0.0093
...saving a checkpoint at iter:  2708000
Iteration  2710000 :    Loss-adversarial =   0.0060
...saving a checkpoint at iter:  2710000
Iteration  2712000 :    Loss-adversarial =   0.0099
...saving a checkpoint at iter:  2712000
Iteration  2714000 :    Loss-adversarial =   0.0083
...saving a checkpoint at iter:  2714000
Iteration  2716000 :    Loss-adversarial =  23.3833
...saving a checkpoint at iter:  2716000
Iteration  2718000 :    Loss-adversarial =   0.2531
...saving a checkpoint at iter:  2718000
Iteration  2720000 :    Loss-adversarial =   0.1132
...saving a checkpoint at iter:  2720000
Iteration  2722000 :    Loss-adversarial =   0.5333
...saving a checkpoint at iter:  2722000
Iteration  2724000 :    Loss-adversarial =   0.0480
...saving a checkpoint at iter:  2724000
Iteration  2726000 :    Loss-adversarial =   0.0181
...saving a checkpoint at iter:  2726000
Iteration  2728000 :    Loss-adversarial =   0.0144
...saving a checkpoint at iter:  2728000
Iteration  2730000 :    Loss-adversarial =   0.0194
...saving a checkpoint at iter:  2730000
Iteration  2732000 :    Loss-adversarial =   0.0105
...saving a checkpoint at iter:  2732000
Iteration  2734000 :    Loss-adversarial =   0.0154
...saving a checkpoint at iter:  2734000
Iteration  2736000 :    Loss-adversarial =   0.0142
...saving a checkpoint at iter:  2736000
Iteration  2738000 :    Loss-adversarial =   0.0082
...saving a checkpoint at iter:  2738000
Iteration  2740000 :    Loss-adversarial =   0.0097
...saving a checkpoint at iter:  2740000
Iteration  2742000 :    Loss-adversarial =   0.0098
...saving a checkpoint at iter:  2742000
Iteration  2744000 :    Loss-adversarial =   0.0111
...saving a checkpoint at iter:  2744000
Iteration  2746000 :    Loss-adversarial =   0.0096
...saving a checkpoint at iter:  2746000
Iteration  2748000 :    Loss-adversarial =   0.0088
...saving a checkpoint at iter:  2748000
Iteration  2750000 :    Loss-adversarial =   0.0076
...saving a checkpoint at iter:  2750000
Iteration  2752000 :    Loss-adversarial =   0.0075
...saving a checkpoint at iter:  2752000
Iteration  2754000 :    Loss-adversarial =   0.0091
...saving a checkpoint at iter:  2754000
Iteration  2756000 :    Loss-adversarial =   0.0168
...saving a checkpoint at iter:  2756000
Iteration  2758000 :    Loss-adversarial =   0.0120
...saving a checkpoint at iter:  2758000
Iteration  2760000 :    Loss-adversarial =   0.0153
...saving a checkpoint at iter:  2760000
Iteration  2762000 :    Loss-adversarial =   0.0074
...saving a checkpoint at iter:  2762000
Iteration  2764000 :    Loss-adversarial =   0.0089
...saving a checkpoint at iter:  2764000
Iteration  2766000 :    Loss-adversarial =   0.0097
...saving a checkpoint at iter:  2766000
Iteration  2768000 :    Loss-adversarial =   0.0098
...saving a checkpoint at iter:  2768000
Iteration  2770000 :    Loss-adversarial =   0.0187
...saving a checkpoint at iter:  2770000
Iteration  2772000 :    Loss-adversarial =   0.0081
...saving a checkpoint at iter:  2772000
Iteration  2774000 :    Loss-adversarial =   0.0091
...saving a checkpoint at iter:  2774000
Iteration  2776000 :    Loss-adversarial =   0.0151
...saving a checkpoint at iter:  2776000
Iteration  2778000 :    Loss-adversarial =   0.0081
...saving a checkpoint at iter:  2778000
Iteration  2780000 :    Loss-adversarial =   0.0059
...saving a checkpoint at iter:  2780000
Iteration  2782000 :    Loss-adversarial =   0.0100
...saving a checkpoint at iter:  2782000
Iteration  2784000 :    Loss-adversarial =   0.0081
...saving a checkpoint at iter:  2784000
Iteration  2786000 :    Loss-adversarial =   0.0078
...saving a checkpoint at iter:  2786000
Iteration  2788000 :    Loss-adversarial =   0.0072
...saving a checkpoint at iter:  2788000
Iteration  2790000 :    Loss-adversarial =   0.0112
...saving a checkpoint at iter:  2790000
Iteration  2792000 :    Loss-adversarial =   0.0072
...saving a checkpoint at iter:  2792000
Iteration  2794000 :    Loss-adversarial =   0.0083
...saving a checkpoint at iter:  2794000
Iteration  2796000 :    Loss-adversarial =   0.0068
...saving a checkpoint at iter:  2796000
Iteration  2798000 :    Loss-adversarial =   0.0097
...saving a checkpoint at iter:  2798000
Iteration  2800000 :    Loss-adversarial =   0.0102
...saving a checkpoint at iter:  2800000
Iteration  2802000 :    Loss-adversarial =   0.0076
...saving a checkpoint at iter:  2802000
Iteration  2804000 :    Loss-adversarial =   0.0071
...saving a checkpoint at iter:  2804000
Iteration  2806000 :    Loss-adversarial =   0.0090
...saving a checkpoint at iter:  2806000
Iteration  2808000 :    Loss-adversarial =   0.0132
...saving a checkpoint at iter:  2808000
Iteration  2810000 :    Loss-adversarial =   0.0103
...saving a checkpoint at iter:  2810000
Iteration  2812000 :    Loss-adversarial =   0.0065
...saving a checkpoint at iter:  2812000
Iteration  2814000 :    Loss-adversarial =   0.0088
...saving a checkpoint at iter:  2814000
Iteration  2816000 :    Loss-adversarial =   0.0086
...saving a checkpoint at iter:  2816000
Iteration  2818000 :    Loss-adversarial =   0.0063
...saving a checkpoint at iter:  2818000
Iteration  2820000 :    Loss-adversarial =   0.0089
...saving a checkpoint at iter:  2820000
Iteration  2822000 :    Loss-adversarial =   0.0087
...saving a checkpoint at iter:  2822000
Iteration  2824000 :    Loss-adversarial =   0.0093
...saving a checkpoint at iter:  2824000
Iteration  2826000 :    Loss-adversarial =   0.0092
...saving a checkpoint at iter:  2826000
Iteration  2828000 :    Loss-adversarial =   0.0060
...saving a checkpoint at iter:  2828000
Iteration  2830000 :    Loss-adversarial =   0.0100
...saving a checkpoint at iter:  2830000
Iteration  2832000 :    Loss-adversarial =   0.0111
...saving a checkpoint at iter:  2832000
Iteration  2834000 :    Loss-adversarial =   0.0080
...saving a checkpoint at iter:  2834000
Iteration  2836000 :    Loss-adversarial =   0.0099
...saving a checkpoint at iter:  2836000
Iteration  2838000 :    Loss-adversarial =   0.0105
...saving a checkpoint at iter:  2838000
Iteration  2840000 :    Loss-adversarial =   0.0114
...saving a checkpoint at iter:  2840000
Iteration  2842000 :    Loss-adversarial =   0.0103
...saving a checkpoint at iter:  2842000
Iteration  2844000 :    Loss-adversarial =   0.0120
...saving a checkpoint at iter:  2844000
Iteration  2846000 :    Loss-adversarial =   0.0082
...saving a checkpoint at iter:  2846000
Iteration  2848000 :    Loss-adversarial =   0.0089
...saving a checkpoint at iter:  2848000
Iteration  2850000 :    Loss-adversarial =   0.0085
...saving a checkpoint at iter:  2850000
Iteration  2852000 :    Loss-adversarial =   0.0084
...saving a checkpoint at iter:  2852000
Iteration  2854000 :    Loss-adversarial =   0.0068
...saving a checkpoint at iter:  2854000
Iteration  2856000 :    Loss-adversarial =   0.0099
...saving a checkpoint at iter:  2856000
Iteration  2858000 :    Loss-adversarial =   0.0055
...saving a checkpoint at iter:  2858000
Iteration  2860000 :    Loss-adversarial =   0.0098
...saving a checkpoint at iter:  2860000
Iteration  2862000 :    Loss-adversarial =   0.0085
...saving a checkpoint at iter:  2862000
Iteration  2864000 :    Loss-adversarial =   0.0084
...saving a checkpoint at iter:  2864000
Iteration  2866000 :    Loss-adversarial =   0.0088
...saving a checkpoint at iter:  2866000
Iteration  2868000 :    Loss-adversarial =   0.0074
...saving a checkpoint at iter:  2868000
Iteration  2870000 :    Loss-adversarial =   0.0090
...saving a checkpoint at iter:  2870000
Iteration  2872000 :    Loss-adversarial =   0.0063
...saving a checkpoint at iter:  2872000
Iteration  2874000 :    Loss-adversarial =   0.0089
...saving a checkpoint at iter:  2874000
Iteration  2876000 :    Loss-adversarial =   0.0076
...saving a checkpoint at iter:  2876000
Iteration  2878000 :    Loss-adversarial =   0.0096
...saving a checkpoint at iter:  2878000
Iteration  2880000 :    Loss-adversarial =   0.0084
...saving a checkpoint at iter:  2880000
Iteration  2882000 :    Loss-adversarial =   0.0098
...saving a checkpoint at iter:  2882000
Iteration  2884000 :    Loss-adversarial =   0.0104
...saving a checkpoint at iter:  2884000
Iteration  2886000 :    Loss-adversarial =   0.0093
...saving a checkpoint at iter:  2886000
Iteration  2888000 :    Loss-adversarial =   0.0094
...saving a checkpoint at iter:  2888000
Iteration  2890000 :    Loss-adversarial =   0.0096
...saving a checkpoint at iter:  2890000
Iteration  2892000 :    Loss-adversarial =   0.0073
...saving a checkpoint at iter:  2892000
Iteration  2894000 :    Loss-adversarial =   0.0099
...saving a checkpoint at iter:  2894000
Iteration  2896000 :    Loss-adversarial =   0.0116
...saving a checkpoint at iter:  2896000
Iteration  2898000 :    Loss-adversarial =   0.0091
...saving a checkpoint at iter:  2898000
Iteration  2900000 :    Loss-adversarial =   0.0089
...saving a checkpoint at iter:  2900000
Iteration  2902000 :    Loss-adversarial =   0.0086
...saving a checkpoint at iter:  2902000
Iteration  2904000 :    Loss-adversarial =   0.0085
...saving a checkpoint at iter:  2904000
Iteration  2906000 :    Loss-adversarial =   0.0103
...saving a checkpoint at iter:  2906000
Iteration  2908000 :    Loss-adversarial =   0.0106
...saving a checkpoint at iter:  2908000
Iteration  2910000 :    Loss-adversarial =   0.0068
...saving a checkpoint at iter:  2910000
Iteration  2912000 :    Loss-adversarial =   0.0100
...saving a checkpoint at iter:  2912000
Iteration  2914000 :    Loss-adversarial =   0.0085
...saving a checkpoint at iter:  2914000
Iteration  2916000 :    Loss-adversarial =   0.0079
...saving a checkpoint at iter:  2916000
Iteration  2918000 :    Loss-adversarial =   0.0074
...saving a checkpoint at iter:  2918000
Iteration  2920000 :    Loss-adversarial =   0.0101
...saving a checkpoint at iter:  2920000
Iteration  2922000 :    Loss-adversarial =   0.0071
...saving a checkpoint at iter:  2922000
Iteration  2924000 :    Loss-adversarial =   0.0057
...saving a checkpoint at iter:  2924000
Iteration  2926000 :    Loss-adversarial =   0.0067
...saving a checkpoint at iter:  2926000
Iteration  2928000 :    Loss-adversarial =   0.0087
...saving a checkpoint at iter:  2928000
Iteration  2930000 :    Loss-adversarial =   0.0071
...saving a checkpoint at iter:  2930000
Iteration  2932000 :    Loss-adversarial =   0.0077
...saving a checkpoint at iter:  2932000
Iteration  2934000 :    Loss-adversarial =   0.0099
...saving a checkpoint at iter:  2934000
Iteration  2936000 :    Loss-adversarial =   0.0077
...saving a checkpoint at iter:  2936000
Iteration  2938000 :    Loss-adversarial =   0.0104
...saving a checkpoint at iter:  2938000
Iteration  2940000 :    Loss-adversarial =   0.0096
...saving a checkpoint at iter:  2940000
Iteration  2942000 :    Loss-adversarial =   0.0086
...saving a checkpoint at iter:  2942000
Iteration  2944000 :    Loss-adversarial =   0.0088
...saving a checkpoint at iter:  2944000
Iteration  2946000 :    Loss-adversarial =   0.0079
...saving a checkpoint at iter:  2946000
Iteration  2948000 :    Loss-adversarial =   0.0095
...saving a checkpoint at iter:  2948000
Iteration  2950000 :    Loss-adversarial =   0.0093
...saving a checkpoint at iter:  2950000
Iteration  2952000 :    Loss-adversarial =   0.0069
...saving a checkpoint at iter:  2952000
Iteration  2954000 :    Loss-adversarial =   0.0095
...saving a checkpoint at iter:  2954000
Iteration  2956000 :    Loss-adversarial =   0.0077
...saving a checkpoint at iter:  2956000
Iteration  2958000 :    Loss-adversarial =   0.0096
...saving a checkpoint at iter:  2958000
Iteration  2960000 :    Loss-adversarial =   0.0077
...saving a checkpoint at iter:  2960000
Iteration  2962000 :    Loss-adversarial =   0.0090
...saving a checkpoint at iter:  2962000
Iteration  2964000 :    Loss-adversarial =   0.0080
...saving a checkpoint at iter:  2964000
Iteration  2966000 :    Loss-adversarial =   0.0077
...saving a checkpoint at iter:  2966000
Iteration  2968000 :    Loss-adversarial =   0.0080
...saving a checkpoint at iter:  2968000
Iteration  2970000 :    Loss-adversarial =   0.0070
...saving a checkpoint at iter:  2970000
Iteration  2972000 :    Loss-adversarial =   0.0100
...saving a checkpoint at iter:  2972000
Iteration  2974000 :    Loss-adversarial =   0.0073
...saving a checkpoint at iter:  2974000
Iteration  2976000 :    Loss-adversarial =   0.0090
...saving a checkpoint at iter:  2976000
